RB_ID,KO_Name
155,Dr. Weber [Essen]
160,Etzel [Duisburg]
182, Müller [Frankfurt]
182,Schröder [Düsseldorf]
441,Schröter [Wilmersdorf]
454,Schmidt [Hamburg]
493, Dr. Menzel [zur Regierungsbank zeigend]
514,Schmitt [Vockenhausen]
1106, Franke [Osnabrück]
1126,Marx [Kaiserslautern]
1344,Dr. Schäfer [Tübingen]
1400,Marx [CDU/CSU]
1401,Dr. Carstens [Fehmarn] [CDU/CSU]
1416,Zimmermann [CDU/CSU]
1441,Gölter [CDU/CSU]
1444,Rawe [CDU/CSU]
1450,Müller-Hermann [CDU/CSU]
1468,sich vorher aufgeschrieben?	Dr. Jenninger [CDU/CSU]
1480,Dr. Mertes [Gerolstein] [CDU/CSU]
1494,Reddemann [CDU/CSU]
1495,Mertes [Gerolstein] [CDU/CSU]
1506,Dr. Kraske [CDU/CSU]
1508,Delden [CDU/CSU]
1524,Dr. Jenninger [CDU/CSU]
1533,Dr. Kohl [CDU/CSU]
1548,Schröder [Lüneburg] [CDU/CSU]
1549,Offergeld [SPD]
1553,Graf Huyn [CDU/CSU]
1565,Lemmrich [CDU/CSU]
1575,Wehner [SPD]
1579,mann [CDU/CSU]
1595,Ritz [CDU/CSU]
1637,Kohl [CDU/CSU]
1638,Dr. Wex [CDU/CSU]
1647,Dr. Jenninger [CDU/CSU]
1658,Kohl [CDU/CSU]
1662,Bentrup [CDU/CSU]
1677,Wehner [SPD]
1684,Kohl [CDU/CSU]
1690,Mertes [Gerolstein] [CDU/CSU]
1692,Freiherr von Massenbach [CDU/CSU]
1693,Mertes [Gerolstein] [CDU/CSU]
1696,Bötsch [CDU/CSU]
1699,Kohl [CDU/CSU]
1704,Huyn [CDU/CSU]
1714,Dr. Kohl [CDU/CSU]
1714,Wehner [SPD]
1715,Jenninger [CDU/CSU]
1724,Kohl [CDU/CSU]
1727,Kohl [CDU/CSU]
1734,Dr. Kohl [CDU/CSU]
1736,Dr. Barzel [CDU/CSU]
1741,Dr. Spöri [SPD]
1741,Dr. Marx [CDU/CSU]
1751,Wehner [SPD]
1751,Jenninger [CDU/CSU]
1752,Dr. Möller [CDU/CSU]
1761,Dr. Jenninger [CDU/CSU]
1765,Barzel [CDU/CSU]
1768,Mertes [Gerolstein] [CDU/CSU]
1773,Löffler [SPD]
1776,Möller [CDU/CSU]
1779,Marx [CDU/CSU]
1782,weke [CDU/CSU]
1783,Dr. Kohl [CDU/CSU]
1789,Lambinus [SPD]
1790,Löffler [SPD]
1799,Stark [Nürtingen] [CDU/CSU]
1804,Wehner [SPD]
1804,Dr. Schäuble [CDU/CSU]
1804,Dr. Ehmke [SPD]
1810,Löffler [SPD]
1816,Roth [SPD]
1816,Dr. Spöri [SPD]
1821,Jahn [Marburg] [SPD]
1825,Schily [GRÜNE]
1826,Roth [SPD]
1827,Fischer [Frankfurt] [GRÜNE]
1829,Dr. Marx [CDU/CSU]
1830,Dr. Ehmke [SPD]
1831,Dr. Friedmann [CDU/CSU]
1832,Schily [GRÜNE]
1832,Dr. Marx [CDU/CSU]
1836,Berger [CDU/CSU]
1836,Fischer [Frankfurt] [GRÜNE]
1841,Fischer [Frankfurt] [GRÜNE]
1848,Dr. Hornhues [CDU/CSU]
1848,Dr. Waigel [CDU/CSU]
1848,Kleinert [Hannover] [FDP]
1853,Dr. Vogel [SPD]
1854,Klein [München] [CDU/CSU]
1860,Vogt [Kaiserslautern] [GRÜNE]
1863,Frau Dr. Vollmer [GRÜNE]
1863,Krizsan [GRÜNE]
1864,Frau Potthast [GRÜNE]
1865,Lutz [SPD]
1866,Dregger [CDU/CSU]
1867,Frau Dr. Däubler-Gmelin [SPD]
1871,Pfeffermann [CDU/CSU]
1871,Frau Dr. Vollmer [GRÜNE]
1871,Kleinert [Marburg] [GRÜNE]
1871,Fischer [Frankfurt] [GRÜNE]
1873,Link [Diepholz] [CDU/CSU]
1879,Damit ist der Einspruch zurückgewiesen. (Lutz [SPD]
1882,Fischer [Frankfurt] [GRÜNE]
1887,Dr. Vogel [SPD]
1889,Frau Fuchs [Köln] [SPD]
1903,Dr. Ehrenberg [SPD]
1903,Dr. Bötsch [CDU/CSU]
1903,Berger [CDU/CSU]
1903,Krizsan [GRÜNE]
1905,Frau Schoppe [GRÜNE]
1905,Müntefering [SPD]
1909,Hauser [Krefeld] [CDU/CSU]
1911,Bindig [SPD]
1912,Horacek [GRÜNE]
1918,Frau Hönes [GRÜNE]
1919,Mann [GRÜNE]
1923,Schmidt [Hamburg-Neustadt] [GRÜNE]
1923,Ströbele [GRÜNE]
1923,Bühler [Bruchsal] [CDU/CSU]
1923,Frau Fuchs [Köln] [SPD]
1932,Frau Fuchs [Köln] [SPD]
1933,Ströbele [GRÜNE]
1938,Mann [GRÜNE]
1939,Feilcke [CDU/CSU]
1940,Dr. Dregger [CDU/CSU]
1940,Kolb [CDU/CSU]
1944,Senfft [GRÜNE]
1945,Dr. Vogel [SPD]
1945,Klein [München] [CDU/CSU]
1947,Frau Fuchs [Köln] [SPD]
1948,Bohl [CDU/CSU]
1948,Tatge [GRÜNE]
1954,Dr.-Ing. Kansy [CDU/CSU]
1965,Dr. Vogel [SPD]
1967,Hornung [CDU/CSU]
1967,Lamers [CDU/CSU]
1968,Dr. Vogel [SPD]
1971,Roth [SPD]
1971,Conradi [SPD]
1974,Dr. Schierholz [GRÜNE]
1975,Bindig [SPD]
1975,Wieczorek [Duisburg] [SPD]
1976,Rusche [GRÜNE]
1983,Berger [CDU/CSU]
1987,Lange [GRÜNE]
1989,Klein [München] [CDU/CSU]
1989,Stahl [Kempen] [SPD]
1989,Stockhausen [CDU/CSU]
1989,Seiters [CDU/CSU]
1994,Dr. Timm [SPD]
1996,Kleinert [Marburg] [GRÜNE]
1996,Kleinert [Marburg] [GRÜNE]
1997,Dr. Vogel [SPD]
1998,Beckmann [FDP]
1998,Becker [Nienberge] [SPD]
1998,Waigel [CDU/CSU]
1998,Dreßler [SPD]
2000,Unruh [GRÜNE]
2001,Vogel [SPD]
2006,Dr. Waigel [CDU/CSU]
2006,Dr. Vogel [SPD]
2006,Dr. Miltner [CDU/CSU]
2011,Feilcke [CDU/CSU]
2011,Dr. Vogel [SPD]
2012,Jahn [Marburg] [SPD]
2019,Vogel [SPD]
2019,Glos [CDU/CSU]
2020,Frau Traupe [SPD]
2024,Dr. Waigel [CDU/CSU]
2024,Dr. Vogel [SPD]
2034,Seiters [CDU/CSU]
2034,Dr. Faltlhauser [CDU/CSU]
2035,Sellin [GRÜNE]
2044,Amling [SPD]
2052,Frau Oesterle-Schwerin [GRÜNE]
2056,Sellin [GRÜNE]
2056,Dr. Vogel [SPD]
2056,Dr. Vogel [SPD]
2071,Vogel [SPD]
2072,Hinsken [CDU/CSU]
2075,Frau Dr. Hartenstein [SPD]
2075,Seiters [CDU/CSU]
2079,Vogel [SPD]
2079,Dr. Bötsch [CDU/CSU]
2080,Dr. Mitscherling [SPD]
2086,Frau Matthäus-Maier [SPD]
2089,Frau Unruh [GRÜNE]
2090,Menzel [SPD]
2095,Frau Dr. Vollmer [GRÜNE]
2096,Dr. Lippelt [Hannover] [GRÜNE]
2096,Sielaff [SPD]
2096,Dr. Hoffacker [CDU/CSU]
2097,Unruh [GRÜNE]
2097,Frau Beck-Oberdorf [GRÜNE]
2104,Bohl [CDU/CSU]
2104,Dr. Friedmann [CDU/CSU]
2108,Günther [CDU/CSU]
2119,Jahn [Marburg] [SPD]
2120,Opel [SPD]
2120,Frau Dr. Vollmer [GRÜNE]
2120,Dr. Bötsch [CDU/CSU]
2120,Dr. Rose [CDU/CSU]
2121,Bindig [SPD]
2122,Bohl [CDU/CSU]
2125,Lamers [CDU/CSU]
2126,Cronenberg [Arnsberg] [FDP]
2129,Dr. Vogel [SPD]
2133, Dr. Bötsch [CDU/CSU]
2135,Dr. Vogel [SPD]
2144,Pfeffermann [CDU/CSU]
2145,Conradi [SPD]
2146,Conradi [SPD]
2149,Nickels [GRÜNE]
2149,Dr. Rüttgers [CDU/CSU]
2151,Stratmann-Mertens [GRÜNE]
2151,Becker [Nienberge] [SPD]
2155,Stratmann-Mertens [GRÜNE]
2161,Dr. Vogel [SPD]
2162,Baum [FDP]
2163, Duve [SPD]
2163,Dr. Vogel [SPD]
2163,Bohl [CDU/CSU]
2163,Gerster [CDU/CSU]
2164,Poß [SPD]
2167,Vogel [SPD]
2167,Dr. Bötsch [CDU/CSU]
2167,dorff [FDP] gewandt]
2167,Geis [CDU/CSU]
2167,Dr. Struck [SPD]
2167,Baum [FDP]
2167,Marschewski [CDU/CSU]
2167,Karsten D. Voigt [Frankfurt] [SPD]
2167,Dr. Willfried Penner [SPD]
2167,Bohl [CDU/CSU]
2167,Friedrich Bohl [CDU/CSU]
2167,Julius Louven [CDU/CSU]
2167,Ingrid Matthäus-Maier [SPD]
2167,Rudi Walter [SPD]
2167,Klaus Rose [CDU/CSU]
2167,Friedrich Bohl [CDU/CSU]
2167,Weng [Gerlingen] [FDP]
2167,Schäfer [Offenburg] [SPD]
2167,Dr. Burkhard Hirsch [FDP]
2167,Kansy [CDU/CSU]
2167,Ulrich Irmer [FDP]
2167,Dr. Jürgen Rüttgers [CDU/CSU]
2167,Vogel [SPD]
2167,Dr. Hans-Jochen Vogel [SPD]
2167,Dr. Hans-Jochen Vogel [SPD]
2167,Anke Fuchs [Köln] [SPD]
2167,Freimut Duve [SPD]
2167,Katrin Fuchs [Verl] [SPD]
2167,Dieter Heistermann [SPD]
2167,Roland Sauer [Stuttgart] [CDU/CSU]
2167,Dr. Uwe Küster [SPD]
2167,Uta Würfel [FDP]
2167,Pfuhl [SPD]
2167,Carstensen [Nordstrand] [CDU/CSU]
2167,Brigitte Adler [SPD]
2167,Christina Schenk [Bündnis 90/GRÜNE]
2167,Ingrid Matthäus-Maier [SPD]
2167,Dr. Wolfgang Bötsch [CDU/CSU]
2167,Duve [SPD]
2167,Klaus Kirschner [SPD]
2167,Dr. Werner Hoyer [FDP]
2167,Günter Verheugen [SPD]
2167,Vogel [SPD]
2167,Struck [SPD]
2167,Wiefelspütz [SPD]
2167,Brigitte Schulte [Hameln] [SPD]
2167,Nehmen wir als nächstes den Subventionsabbau. (Ingrid Matthäus-Maier [SPD]
2167,Roitzsch [Quickborn] [CDU/CSU]
2167,Johannes Gerster [Mainz] [CDU/CSU]
2167,Helmut Wieczorek [Duisburg] [SPD]
2167,Ernst Hinsken [CDU/CSU]
2167,Otto Solms [FDP]
2167,Weng [Gerlingen] [FDP]
2167,Lamers [CDU/CSU]
2167,Eckart Kuhlwein [SPD]
2167,Dr. Jürgen Rüttgers [CDU/CSU]
2167,Franz Müntefering [SPD]
2167,Schäuble [CDU/CSU]
2167,Gunnar Uldall [CDU/CSU]
2167,Grünbeck [FDP]
2167,Larcher [SPD]
2167,Ulrich Klinkert [CDU/CSU]
2167,Harald B. Schäfer [Offenburg] [SPD]
2167,Klose [SPD]
2167,Dr. Friedbert Pflüger [CDU/CSU]
2167,Brigitte Baumeister [CDU/CSU]
2167,Olderog [CDU/CSU]
2167,Josef Vosen [SPD]
2167,Eduard Lintner [CDU/CSU]
2167,Schäuble [CDU/CSU]
2167,Dr. Christine Lucyga [SPD]
2167,Josef Grünbeck [F.D.P.]
2168,Dr. Reinhard Meyer zu Bentrup [CDU/CSU]
2168,Dr. Jürgen Rüttgers [CDU/CSU]
2168,Franz Müntefering [SPD]
2168,Schäuble [CDU/CSU]
2168,Dr. Wolfgang Bötsch [CDU/CSU]
2168,Ingrid MatthäusMaier [SPD]
2168,Siegfried Hornung [CDU/CSU]
2168,Enkelmann [PDS/Linke Liste]
2168," Ja, es reicht jetzt bald! — Peter Conradi [SPD]: Regierungserklärung! — Dr. Peter Struck [SPD]"
2168,Dr. Wolfgang Schäuble [CDU/CSU]
2168,Weiß [Berlin] [Bündnis 90/GRÜNE]
2168,Manfred Opel [SPD]
2168,Norbert Gansel [SPD]
2168,Dr. Wolfgang Schäuble [CDU/CSU]
2168,Ernst Hinsken [CDU/CSU]
2168,Dr. Uwe-Jens Heuer [PDS/Linke Liste]
2168,Detlev von Larcher [SPD]
2168,Wieczorek [Duisburg] [SPD]
2168,Dr. Günther Krause [Börgerende] [CDU/CSU]
2168,Ingrid Matthäus-Maier [SPD]
2168,Regina Kolbe [SPD]
2168,Eduard Oswald [CDU/CSU]
2168,Matthäus-Maier [SPD]
2168,Dirk Hansen [F.D.P.]
2168,Ingrid Matthäus-Maier [SPD]
2168,Dr. Marliese Dobberthien [SPD]
2168,Georg Gallus [F.D.P.]
2168,Hans Klein [CDU/CSU]
2168,Irmgard Karwatzki [CDU/CSU]
2168,Hämmerle [SPD]
2168,Gansel [SPD]
2168,Gerd Andres [SPD]
2168,Eckart Kuhlwein [SPD]
2168,Otto Schily [SPD]
2168,Dr. Uwe Jens [SPD]
2168,Schreiner [SPD]
2168,Gerster [Mainz] [CDU/CSU]
2168,Eduard Oswald [CDU/CSU]
2168,Walther [Zierenberg] [SPD]
2168,Susanne Kastner [SPD]
2168,Peter Kittelmann [CDU/CSU]
2168,Siegfried Hornung [CDU/CSU]
2168,Schmalz-Jacobsen [F.D.P.]
2168,Schütz [SPD]
2168,Rüttgers [CDU/CSU]
2168,Horst Jungmann [Wittmoldt] [SPD]
2168,Lamers [CDU/CSU]
2168,Lamers [CDU/CSU]
2168,Hörster [CDU/CSU]
2168,Norbert Gansel [SPD]
2168,Hans Klein [München] [CDU/CSU]
2168,Manfred Richter [Bremerhaven] [F.D.P.]
2168,Dr. Otto Graf Lambsdorff [F.D.P.]
2168,Siegfried Hornung [CDU/CSU]
2168,Dr. Uwe Küster [SPD]
2168,Larcher [SPD]
2168,Jochen Vogel [SPD]
2168,Wolfgang Roth [SPD]
2168,Helmut Wieczorek [Duisburg] [SPD]
2168,Rüttgers [CDU/CSU]
2168,Dr. Walter Franz Altherr [CDU/CSU]
2168,Otto Schily [SPD]
2168,Schäuble [CDU/CSU]
2168,Dr. Alfred Dregger [CDU/CSU]
2168,Detlev von Larcher [SPD]
2168,Dr. Wolfgang Weng [Gerlingen] [F.D.P.]
2168,Dr. Wolfgang Weng [Gerlingen] [F.D.P.]
2168,Dr. Peter Struck [SPD]
2168,Eckart Kuhlwein [SPD]
2168,Dr. Uwe Küster [SPD]
2168,Peter Conradi [SPD]
2168,Klein [München] [CDU/CSU]
2168,Ingrid Matthäus-Maier [SPD]
2168,Hans Klein [München] [CDU/CSU]
2168,Dr. UweJens Heuer [PDS/Linke Liste]
2168,Klejdzinski [SPD]
2168,Horst Sielaff [SPD]
2168,Horst Peter [Kassel] [SPD]
2168,Dr. Dionys Jobst [CDU/CSU]
2168,Gerd Andres [SPD]
2168,Johannes Singer [SPD]
2168,nover] [F.D.P.]
2168,Helmut Wieczorek [Duisburg] [SPD]
2168,Schäuble [CDU/CSU]
2168,Solms [F.D.P.]
2168,Dieter Wiefelspütz [SPD]
2168,Peter Conradi [SPD]
2168,Dr. UweJens Heuer [PDS/Linke Liste]
2168,Günter Verheugen [SPD]
2168,Peter W. Reuschenbach [SPD]
2168,Dr. Jürgen Rüttgers [CDU/CSU]
2168,Gerd Andres [SPD]
2168,Heidemarie Wieczorek-Zeul [SPD]
2168,Solms [F.D.P.]
2168,Gerd Andres [SPD]
2168,Ulrich Irmer [F.D.P.]
2168,Hoffacker [CDU/CSU]
2168,Rudolf Bindig [SPD]
2168,Ulrich Irmer [F.D.P.]
2168,Brigitte Baumeister [CDU/CSU]
2168,Ingrid MatthäusMaier [SPD]
2168,Ingrid Matthäus-Maier [SPD]
2168, Dr. Uwe Küster [SPD]
2168,Hermann Bachmaier [SPD]
2168,Dr. Jürgen Rüttgers [CDU/CSU]
2168,Ernst Waltemathe [SPD]
2168,Hans-Joachim Fuchtel [CDU/CSU]
2168,Dr. Nils Diederich [Berlin] [SPD]
2168,Gerhart Rudolf Baum [F.D.P.]
2168,Detlev von Larcher [SPD]
2168,Eckart Kühlwein [SPD]
2168,Dr. Wolfgang Weng [Gerlingen] [F.D.P.]
2168,Uta Würfel [F.D.P.]
2168,Hinrich Kuessner [SPD]
2168,Helmut Wieczorek [Duisburg] [SPD]
2168,Kansy [CDU/CSU]
2168,Eckart Kuhlwein [SPD]
2168,Peter Paterna [SPD]
2168,Stetten [CDU/CSU]
2168,Günter Graf [SPD]
2168,Conradi [SPD]
2168,Ingrid Matthäus-Maier [SPD]
2168,Arnulf Kriedner [CDU/CSU]
2168,Dr. Wolfgang Götzer [CDU/CSU]
2168,D. Voigt [Frankfurt] [SPD]
2168,Ingrid Matthäus-Maier [SPD]
2168,Dr. Uwe Küster [SPD]
2168,Dr. Jürgen Rüttgers [CDU/CSU]
2168,Dr. Liesel Hartenstein [SPD]
2168,Dr.-Ing. Dietmar Kansy [CDU/CSU]
2168,Detlef Kleinert [Hannover] [F.D.P.]
2168,Cronenberg [Arnsberg] [F.D.P.]
2168,Dietmar Kansy [CDU/CSU]
2168,Hans Georg Wagner [SPD]
2168,Dr. Uwe Küster [SPD]
2168,Dr. Walter Franz Altherr [CDU/CSU]
2168,Anke Fuchs [Köln] [SPD]
2168,Uta Würfel [F.D.P.]
2168,Rüttgers [CDU/CSU]
2168,Siegmar Mosdorf [SPD]
2168,Lieselott Blunck [Uetersen] [SPD]
2168,Markus Meckel [SPD]
2168,Fuchs [Köln] [SPD]
2168,Dr.-Ing. Dietmar Kansy [CDU/CSU]
2168,Dr. Wolfgang Weng [Gerlingen] [F.D.P.]
2168,Detlev von Larcher [SPD]
2168,Ingrid Matthäus-Maier [SPD]
2168,Helmut Wieczorek [Duisburg] [SPD]
2168,Klein [München] [CDU/CSU]
2168,Dr. Wolfgang Freiherr von Stetten [CDU/CSU]
2168,Otto Schily [SPD]
2168,Fischer [Frankfurt] [BÜNDNIS 90/DIE GRÜNEN]
2168,Dr. Wolfgang Weng [Gerlingen] [F.D.P.]
2168,Fuchs [Köln] [SPD]
2168,Dr. Dagmar Enkelmann [PDS]
2168,Anke Fuchs [Köln] [SPD]
2168,Dr. Wolfgang Weng [Gerlingen] [F.D.P.]
2168,Kauder [CDU/CSU]
2168,Günter Verheugen [SPD]
2168,SPD - Anke Fuchs [Köln] [SPD]
2168,einen Beifall wert! - Joseph Fischer [Frankfurt] [BÜNDNIS 90/DIE GRÜNEN]
2168,Dr. Gregor Gysi [PDS]
2168,Fischer [Frankfurt] [BÜNDNIS 90/DIE GRÜNEN]
2168,Bundeskanzler? - Joseph Fischer [Frankfurt] [BÜNDNIS 90/DIE GRÜNEN]
2168,Hintze [CDU/CSU]
2168,Heidemarie Wieczorek-Zeul [SPD]
2168,Fischer [Frankfurt] [BÜNDNIS 90/DIE GRÜNEN]
2168,und der SPD - Dr. Olaf Feldmann [F.D.P.]
2168,Büttner [Ingolstadt] [SPD]
2168,schwach! - Ingrid Matthäus-Maier [SPD]
2168,Günther Bredehorn [F.D.P.]
2168,Hanna Wolf [SPD]
2168,Ing. Dietmar Kansy [CDU/CSU]
2168,Dr. Dagmar Enkelmann [PDS]
2168,Otto Schily [SPD]
2168,Detlev von Larcher [SPD]
2168,Dr. Wolfgang Weng [Gerlingen] [F.D.P.]
2168,Dr. Burkhard Hirsch [F.D.P.]
2168,Leider wahr! - Uta Titze-Stecher [SPD]
2168,Anke Fuchs [Köln] [SPD]
2168,Rönsch [Wiesbaden] [CDU/CSU]
2168,Widerspruch bei der SPD - Detlev von Larcher [SPD]
2168,und der F.D.P. - Doris Odendahl [SPD]
2168,Kansy [CDU/CSU]
2168,Ina Albowitz [F.D.P.]
2168,"ganz wesentlich, wie hoch der Investitionsbedarf noch ist! - Dr. Uwe Küster [SPD]"
2168,Gleichfalls! - Doris Odendahl [SPD]
2168,Detlev von Larcher [SPD]
2168,Detlev von Larcher [SPD]
2168,und der F.D.P. - Dietmar Schütz [Oldenburg] [SPD]
2168,W. Lippold [Offenbach] [CDU/CSU]
2168,Christina Schenk [PDS]
2168,F.D.P. - Wolfgang Schäuble [CDU/CSU]
2168,Heinrich [F.D.P.]
2168,Karl Diller [SPD]
2168,und der F.D.P. - Dr. Peter Struck [SPD]
2168,dorff [F.D.P.]
2168,Dr. Erich Riedl [München] [CDU/CSU]
2168,Anke Fuchs [Köln] [SPD]
2168,Wird das Wort zur Berichterstattung gewünscht? (Dr. Heribert Blens [CDU/CSU]
2168,Dr. Dietrich Sperling [SPD]
2168,Dr. Dagmar Enkelmann [PDS]
2168,Ulrich Irmer [F.D.P.]
2168,Markus Meckel [SPD]
2168," Herr Staatsanwalt, Herr Staatsanwalt! - Freimut Duve [SPD]"
2168,Dr. R. Werner Schuster [SPD]
2168,Matthäus-Maier [SPD]
2168,Brigitte Schulte [Hameln] [SPD]
2168,DIE GRÜNEN - Dr. Wolfgang Weng [Gerlingen] [F.D.P.]
2168,Solms [F.D.P.]
2168,J. Rossmanith [CDU/CSU]
2168,Karl Diller [SPD]
2168,Karsten D. Voigt [Frankfurt] [SPD]
2168,Hans Martin Bury [SPD]
2168,Michael Glos [CDU/CSU]
2168,für die Banken! - Peter Conradi [SPD]
2168,Freimut Duve [SPD]
2168,Hans Klein [München] [CDU/CSU]
2168,Enkelmann [PDS]
2168,Dr. Helmut Haussmann [F.D.P.]
2168,SPD - Wolf-Michael Catenhusen [SPD]
2168,mehr! - Freimut Duve [SPD]
2168,Anke Fuchs [Köln] [SPD]
2168,CDU/CSU - Wolfgang Lohmann [Lüdenscheid] [CDU/CSU]
2168,abstimmen! - Dr. Peter Glotz [SPD]
2168,und der PDS - Ina Albowitz [F.D.P.]
2168,Urbaniak [SPD]
2168,Dr. Uwe Küster [SPD]
2168,Hans Büttner [Ingolstadt] [SPD]
2168, In den Wahlkampf! - Günter Verheugen [SPD]
2168,Unglaublich! - Otto Schily [SPD]
2168,Fuchs [Köln] [SPD]
2168,Ernst Hinsken [CDU/CSU]
2168,einverstanden! -  Ulrich Heinrich [F.D.P.]
2168,Anke Fuchs [Köln] [SPD]
2168,Otto Schily [SPD]
2168,mann [PDS]
2168,Dr. Wolfgang Weng [Gerlingen] [F.D.P.]
2168,Enkelmann [PDS]
2168,Lühr [F.D.P.]
2168,Klein [München] [CDU/CSU]
2168,GRÜNEN und der PDS sowie bei Abgeordneten der CDU/CSU und der F.D.P. - Wolfgang Zöller [CDU/CSU]
2168, Eben! - Otto Schily [SPD]
2168,Klaus Lennartz [SPD]
2168,PDS - Joseph Fischer [Frankfurt] [BÜNDNIS 90/DIE GRÜNEN]
2168,Schmidt [Aachen] [SPD]
2168,Zwerenz [PDS]
2168,DIE GRÜNEN - Karsten D. Voigt [Frankfurt] [SPD]
2168,Hans Klein [München] [CDU/CSU]
2168,Fuchs [Verl] [SPD]
2168,Kauder [CDU/CSU]
2168,Aus Baden-Württemberg ist die Idee gewesen! - Siegfried Vergin [SPD]
2168,Müller [Berlin] [PDS] - Hans Klein [München] [CDU/CSU]
2168,Frau Staatssekretärin? - Jürgen W. Möllemann [F.D.P.]
2168,Dr. Heiner Geißler [CDU/CSU]
2168,Westerwelle [F.D.P.]
2168,Unglaublich! - Otto Schüy [SPD]
2168,Dietmar Schütz [Oldenburg] [SPD]
2168,Dr. Peter Struck [SPD]
2168,Fuchs [Köln] [SPD]
2168, An ihren Zahnlücken! -Rudolf Dreßler [SPD]
2168,Ingrid Matthäus-Maier [SPD]
2168,Detlev von Larcher [SPD]
2168,Dr. Wolfgang Weng [Gerlingen] [F.D.P.]
2168,Fischer [Frankfurt] [BÜNDNIS 90/DIE GRÜNEN]
2168,Baumeister [CDU/CSU]
2168, Wir machen Ihnen Vorschläge! - Achim Großmann [SPD]
2168,Enkelmann [PDS]
2168, Dummes Zeug! - Günter Verheugen [SPD]
2168,Hans Büttner [Ingolstadt] [SPD]
2168,Dr. Peter Struck [SPD]
2168,Günter Rixe [SPD]
2168,Enkelmann [PDS]
2168,Dr. Peter Struck [SPD]
2168,Elke Ferner [SPD]
2168,Fischer [Frankfurt] [BÜNDNIS 90/DIE GRÜNEN]
2168, Die richtigen Rahmenbedingungen sind hier gegeben worden! - Horst Sielaff [SPD]
2168,Dr. Wolfgang Weng [Gerlingen] [F.D.P.]
2168,Michael Glos [CDU/CSU]
2168,Dr. Wolfgang Wodarg [SPD]
2168,Poß [SPD]
2168,Dr. Peter Struck [SPD]
2168,CDU/CSU - Ernst Hinsken [CDU/CSU]
2168,und der PDS - Ina Albowitz [F.D.P.]
2168,DIE GRÜNEN - Norbert Gansel [SPD]
2168,Dr. Uschi Eid [BÜNDNIS 90/DIE GRÜNEN]
2168,Dr. Wolfgang Weng [Gerlingen] [F.D.P.]
2168,Ingrid Matthäus-Maier [SPD]
2168,kehren! - Dr. Helmut Haussmann [F.D.P.]
2168,Glos [CDU/CSU]
2168,Anke Fuchs [Köln] [SPD]
2168,Fischer [Frankfurt] [BÜNDNIS 90/DIE GRÜNEN]
2168,Walter Hirche [F.D.P.]
2168,Eckart Kuhlwein [SPD]
2168,denn? - Ingrid Matthäus-Maier [SPD]
2168,Ernst Hinsken [CDU/CSU]
2168,doller! - Joseph Fischer [Frankfurt] [BÜNDNIS 90/DIE GRÜNEN]
2168,Eduard Oswald [CDU/CSU]
2168,Enkelmann [PDS]
2168,DIE GRÜNEN - Arne Fuhrmann [SPD]
2168,Peter Hintze [CDU/CSU]
2168,das richtig! - Dr. Uwe Küster [SPD]
2168,Norbert Geis [CDU/CSU]
2168,Westerwelle [F.D.P.]
2168,Weng [Gerlingen] [F.D.P.]
2168,Klaus Kirschner [SPD]
2168,Detlev von Larcher [SPD]
2168, Er will Sie aufs Glatteis führen! - Horst Kubatschka [SPD]
2168,DIE GRÜNEN - Ernst Hinsken [CDU/CSU]
2168,Jork [CDU/CSU]
2168,Unsinn! - Norbert Schindler [CDU/CSU]
2168,Dietmar Kansy [CDU/CSU]
2168,Detlev von Larcher [SPD]
2168,nicht! - Dr. Dagmar Enkelmann [PDS]
2169,Dr. Guido Westerwelle [F.D.P.]
2169,Helmut Wieczorek [Duisburg] [SPD]
2169,wahr! - Dr. Norbert Rieder [CDU/CSU]
2169,Clemens Schwalbe [CDU/CSU]
2170,Lachen bei der SPD - Freimut Duve [SPD]
2170,Dr. Manuel Kiper [BÜNDNIS 90/DIE GRÜNEN]
2170,F.D.P. - Dr. Dieter Thomae [F.D.P.]
2170,euch verlassen! - Joachim Poß [SPD]
2170,Dr. Helmut Haussmann [F.D.P.]
2170,Matthäus-Maier [SPD]
2170,und der PDS - Michael Glos [CDU/CSU]
2170,Hört! - Joachim Hörster [CDU/CSU]
2170,Ernst Schwanhold [SPD]
2170,Wieczorek [Duisburg] [SPD]
2170,Tauss [SPD]
2170,Ulrich Heinrich [F.D.P.]
2170,Enkelmann [PDS]
2170,GRÜNEN und der PDS - Eckart von Klaeden [CDU/CSU]
2170,Scharping [SPD]
2170,Winfried Nachtwei [BÜNDNIS 90/DIE GRÜNEN]
2170,mal bei der Wahrheit! Eine Unverschämtheit! - Hans-Peter Kemper [SPD]
2170,Dr. Peter Struck [SPD]
2170,Zusatzfrage gewesen! - Heidi Wright [SPD]
2170,Catenhusen [SPD]
2170,Weng [Gerlingen] [F.D.P.]
2170,fertig! - Jörg Tauss [SPD]
2170,Anke Fuchs [Köln] [SPD]
2170,von Stetten [CDU/CSU]
2170,Dr. Peter Struck [SPD]
2170,Detlev von Larcher [SPD]
2170,Hochamt! - Paul K. Friedhoff [F.D.P.]
2170,Schäuble [CDU/CSU]
2170,Gert Willner [CDU/CSU]
2170,nämlich noch Ungereimtheiten! - Heidemarie Wieczorek-Zeul [SPD]
2170,DIE GRÜNEN - Dr. Uwe Küster [SPD]
2170,DIE GRÜNEN - Gert Willner [CDU/CSU]
2170,Michaele Hustedt [BÜNDNIS 90/DIE GRÜNEN]
2170,Essen [F.D.P.]
2170,Hirche [F.D.P.]
2170,und der F.D.P. - Ottmar Schreiner [SPD]
2170,Dr. Manuel Kiper [BÜNDNIS 90/DIE GRÜNEN]
2170,Steffi Lemke [BÜNDNIS 90/DIE GRÜNEN]
2170,Dr. Cornelie Sonntag-Wolgast [SPD]
2170,Doris Odendahl [SPD]
2170,Andres [SPD]
2170,Dr. Helmut Haussmann [F.D.P.]
2170,Kirschner [SPD]
2170,Markus Meckel [SPD]
2170,Sonntag-Wolgast [SPD]
2170,Dr. Uwe Küster [SPD]
2170,Anke Fuchs [Köln] [SPD]
2170,Dr. Antje Vollmer [BÜNDNIS 90/DIE GRÜNEN]
2170,das Motiv! - Dr. Uwe Küster [SPD]
2170,Joachim Hörster [CDU/CSU]
2170,Tilo Braune [SPD]
2170,Probst [CDU/CSU]
2170, Gerd Andres [SPD]
2170,Fischer [Frankfurt] [BÜNDNIS 90/DIE GRÜNEN]
2170,Gerhard Zwerenz [PDS]
2170,Dr. Wolfgang Weng [Gerlingen] [F.D.P.]
2170,Dr. Dagmar Enkelmann [PDS]
2170,Schwanhold [SPD]
2170, Dr. Peter Struck [SPD]
2170,Wilhelm Schmidt [Salzgitter] [SPD]
2170,Ingrid Matthäus-Maier [SPD]
2170,Walter Kolbow [SPD]
2170,werden? - Brigitte Baumeister [CDU/CSU]
2170,Erwin Marschewski [CDU/CSU]
2170,Dr. Dagmar Enkelmann [PDS]
2170,Ministerpräsident Oskar Lafontaine [Saarland]
2170,Ingrid Matthäus-Maier [SPD]
2171,welle [F.D.P.]
2171,Maier [SPD]
2171,der PDS – Michael Glos [CDU/CSU]
2171,Wolfgang Schäuble [CDU/CSU]
2171,Maier [SPD]
2171,ist er eben! – Klaus Lennartz [SPD]
2171,sätzen! – Jürgen Koppelin [F.D.P.]
2171, Wolfgang Gehrcke-Reymann [PDS]
2171,Carl-Ludwig Thiele [F.D.P.]
2171,PDS – Michael Glos [CDU/CSU]
2171,Wolfgang Schäuble [CDU/CSU]
2171,Ingrid Matthäus-Maier [SPD]
2172,Helmut Haussmann [F.D.P.]
2172,wahr! – Hans-Joachim Fuchtel [CDU/CSU]
2172,gangen! – Hans-Peter Repnik [CDU/CSU]
2172,hat das denn? – Walter Hirche [F.D.P.]
2172,Schwanhold [SPD]
2172,Dr. Wolfgang Gerhardt [F.D.P.]
2172,schewski [CDU/CSU]
2172,Hans Georg Wagner [SPD]
2172,Wilhelm Schmidt [Salzgitter] [SPD]
2172,Matthäus-Maier [SPD]
2172,Michael Glos [CDU/CSU]
2172,durchgerechnet! – Detlev von Larcher [SPD]
2172,Jürgen Koppelin [F.D.P.]
2172,gitter] [SPD]
2172,schewski [CDU/CSU]
2172,Schmidt [Salzgitter] [SPD]
2172,gang Gerhardt [F.D.P.]
2172,Dr. Norbert Lammert [CDU/CSU]
2172,Waigel [CDU/CSU]
2172,Michael Glos [CDU/CSU]
2172,richtig! – Hans Michelbach [CDU/CSU]
2172,Wolfgang Gehrcke [PDS]
2172,GRÜNEN – Friedrich Merz [CDU/CSU]
2172,cher [SPD]
2172,Dr. Barbara Höll [PDS]
2173,CDU/CSU – Dr. Gregor Gysi [PDS]
2173,Peter Ramsauer [CDU/CSU]
2173,Märchen! – Dirk Niebel [F.D.P.]
2173,der F.D.P. – Konrad Gilges [SPD]
2173,Ernst Schwanhold [SPD]
2173,Detlev von Larcher [SPD]
2173,Ramsauer [CDU/CSU]
2173,Schwanhold [SPD]
2173,Erler [SPD]
2173,Guido Westerwelle [F.D.P.]
2173,meier [SPD]
2173,chael Glos [CDU/CSU]
2173,mer! – Joachim Poß [SPD]
2173,Lachen bei der SPD – Joachim Poß [SPD]
2173,den] [CDU/CSU]
2173,helm Schmidt [Salzgitter] [SPD]
2173,Gleicke [SPD]
2173,Josef Laumann [CDU/CSU]
2173,Dirk Niebel [F.D.P.]
2173,Konrad Gilges [SPD]
2173,ster [SPD]
2173,Ramsauer [CDU/CSU]
2173,Peter Dreßen [SPD]
2173,Susanne Kastner [SPD]
2173,Wilhelm Schmidt [Salzgitter] [SPD]
2173,Dr. R. Schuster [SPD]
2173,ist auch gut so! – Walter Hirche [F.D.P.]
2174,Schmidt [Salzgitter] [SPD]
2174,Alfred Hartenbach [SPD]
2174,SPD – Wilhelm Schmidt [Salzgitter] [SPD]
2174,rück! – Susanne Kastner [SPD]
2174,mann [CDU/CSU]
2174,Hörster [CDU/CSU]
2174,der SPD – Claudia Nolte [CDU/CSU]
2174,DIE GRÜNEN – Michael Glos [CDU/CSU]
2174,beitslosenquote! – Claudia Nolte [CDU/CSU]
2174,DIE GRÜNEN – Michael Glos [CDU/CSU]
2174,Detlef von Larcher [SPD]
2174,Wolfgang Gerhardt [F.D.P.]
2174,Peter Zumkley [SPD]
2174,Jürgen Koppelin [F.D.P.]
2174,Dr. Eberhard Brecht [SPD]
2174,denn? – Thomas Rachel [CDU/CSU]
2174,les nicht?) – Ludwig Stiegler [SPD]
2174,CSU – Dr. Peter Ramsauer [CDU/CSU]
2174,Peter Rauen [CDU/CSU]
2176,Lachen bei der SPD – Peter Dreßen [SPD]
2176,Dr. Peter Struck [SPD]
2176,der SPD – Ulla Schmidt [Aachen] [SPD]
2176,Louven [CDU/CSU]
2176,CDU/CSU – Kurt-Dieter Grill [CDU/CSU]
2176,DIE GRÜNEN – Jörg Tauss [SPD]
2176,Gernot Erler [SPD]
2176,DIE GRÜNEN – Michael Glos [CDU/CSU]
2176,Gerigk [BÜNDNIS 90/DIE GRÜNEN]
2176,Dr. Peter Ramsauer [CDU/CSU]
2176,Eckart von Klaeden [CDU/CSU]
2176,Glos [CDU/CSU]
2176,Hans-Michael Goldmann [F.D.P.]
2176,Vor-Ort-Termin! – Renate Blank [CDU/CSU]
2176,DIE GRÜNEN – Friedrich Merz [CDU/CSU]
2176, Wie bitte? – Gernot Erler [SPD]
2176,DIE GRÜNEN – Peter Zumkley [SPD]
2176,gitter] [SPD]
2176,Günther Friedrich Nolting [F.D.P.]
2176,Aribert Wolf [CDU/CSU]
2176,Schmidt [Salzgitter] [SPD]
2176,Krüger [CDU/CSU]
2178,Ulla Schmidt [Aachen] [SPD]
2178,DIE GRÜNEN – Dr. Günter Rexrodt [F.D.P.]
2178,Hans Georg Wagner [SPD]
2178,Dietrich Austermann [CDU/CSU]
2178,Austermann [CDU/CSU]
2178,Dirk Niebel [F.D.P.]
2178,Marschewski [Recklinghausen] [CDU/CSU]
2178,DIE GRÜNEN –Michael Glos [CDU/CSU]
2178,SPD! – Eckart von Klaeden [CDU/CSU]
2178,Sebastian Edathy [SPD]
2178,Birgit Schnieber-Jastram [CDU/CSU]
2178,Keulen! – Joachim Poß [SPD]
2178,und bei der SPD – Friedrich Merz [CDU/CSU]
2178,DIE GRÜNEN – Joachim Poß [SPD]
2178, Dr. Uwe Küster [SPD]
2178,PDS – Friedrich Merz [CDU/CSU]
2178,Margot von Renesse [SPD]
2178,Stammt aus Bayern! – Erika Lotz [SPD]
2178,Schmidt [Salzgitter] [SPD]
2178,Dr. Wolfgang Freiherr von Stetten [CDU/CSU]
2178,neten der F.D.P. – Gernot Erler [SPD]
2178,ter] [SPD]
2178,Essen [F.D.P.]
2178,Tauss [SPD]
2178,NIS 90/DIE GRÜNEN – Joachim Poß [SPD]
2179,Dr. Peter Struck [SPD]
2179,und der SPD – Michael Glos [CDU/CSU]
2179,Reinhard Weis [Stendal] [SPD]
2179,Susanne Kastner [SPD]
2179,Kastner [SPD]
2179,Tauss [SPD]
2179,Wilhelm Schmidt [Salzgitter] [SPD]
2179,Hauser [Bonn] [CDU/CSU]
2179,CSU – Dr. Peter Ramsauer [CDU/CSU]
2179,Günther Friedrich Nolting [F.D.P.]
2179,Küster [SPD]
2179, Jörg Tauss [SPD]
2179,GRÜNEN – Jörg Tauss [SPD]
2179,Dreßen [SPD]
2179,DIE GRÜNEN – Friedrich Merz [CDU/CSU]
2179,Franz Thönnes [SPD]
2179, Nichts! – Jörg Tauss [SPD]
2179,Dr. Eberhard Brecht [SPD]
2179,Ramsauer [CDU/CSU]
2179,Eckart von Klaeden [CDU/CSU]
2179,Ramsauer [CDU/CSU]
2179,PDS – Wilhelm Schmidt [Salzgitter] [SPD]
2179,van Essen [F.D.P.]
2179,Gerhardt [F.D.P.]
2179,Nolte [CDU/CSU]
2179,Hirche [F.D.P.]
2179,Hans-Peter Repnik [CDU/CSU]
2179,Schwaetzer [F.D.P.]
2179,Nun ist es aber langsam gut! - Jörg Tauss [SPD]
2179,Friedrich Merz [CDU/CSU]
2179,Ludwig Stiegler [SPD]
2179,nicht erschöpfend! – Wolfgang Gehrcke [PDS]
2179,Renesse [SPD]
2179,Wolfgang Gehrcke [PDS]
2179,Steuerreform machen! – Dr. Uwe Küster [SPD]
2179,Dr. Peter Struck [SPD]
2179,Sie! – Johannes Singhammer [CDU/CSU]
2179,Michelbach [CDU/CSU]
2179,bei der SPD – Ulrich Heinrich [F.D.P.]
2179,Wilhelm Schmidt [Salzgitter] [SPD]
2179,Jürgen Koppelin [F.D.P.]
2180,Wilhelm Schmidt [Salzgitter] [SPD]
2180,Schmidt [Salzgitter] [SPD]
2180,Koppelin [FDP]
2180,Ludwig Stiegler [SPD]
2180,hembach] [CDU/CSU]
2180,ausgemacht!  Friedrich Merz [CDU/CSU]
2180,Schwaetzer [FDP]
2180,Manfred Grund [CDU/CSU]
2180,Joachim Poß [SPD]
2180,zweiten!  Detlev von Larcher [SPD]
2180,Koppelin [FDP]
2180,der FDP  Dr. Wolfgang Gerhardt [FDP]
2180,Meckelburg [CDU/CSU]
2180,Schösser [SPD]
2180,Schlauch [BÜNDNIS 90/DIE GRÜNEN]
2180, Jörg Tauss [SPD]
2180, Dirk Niebel [FDP]
2180,Friedrich Merz [CDU/CSU]
2180,Gernot Erler [SPD]
2180,Repnik [CDU/CSU]
2180,Gernot Erler [SPD]
2180,Wilhelm Schmidt [Salzgitter] [SPD]
2180,Wilhelm Schmidt [Salzgitter] [SPD]
2180,neten der FDP – Friedrich Merz [CDU/CSU]
2181,und bei der SPD – Carl-Ludwig Thiele [FDP]
2181,bank Platz  Friedrich Merz [CDU/CSU]
2181,DIE GRÜNEN – Friedrich Merz [CDU/CSU]
2181,Michael Glos [CDU/CSU]
2181,bak! – Friedrich Merz [CDU/CSU]
2181,Walter Hirche [FDP]
2181,DIE GRÜNEN – Manfred Grund [CDU/CSU]
2181,NIS 90/DIE GRÜNEN – Marita Sehn [FDP]
2181,Michelbach [CDU/CSU]
2181,Michelbach [CDU/CSU]
2181,Dr. Angelica Schwall-Düren [SPD]
2181,Küster [SPD]
2181,Klaus Brandner [SPD]
2181,der FDP – Michael Glos [CDU/CSU]
2181, Dr. Uwe Küster [SPD]
2181,Gudrun Kopp [FDP]
2181, Ulrich Heinrich [FDP]
2181,Fuchs [PDS]
2182,Susanne Kastner [SPD]
2182, Eckart von Klaeden [CDU/CSU]
2182,bei der CDU/CSU – Michael Glos [CDU/CSU]
2182,Büttner [Ingolstadt] [SPD]
2182,Dehnel [CDU/CSU]
2183,PDS – Peter Rauen [CDU/CSU]
2183,DIE GRÜNEN – Wolfgang Weiermann [SPD]
2183,DIE GRÜNEN – Michael Glos [CDU/CSU]
2183,von Stetten [CDU/CSU]
2183,Peter Dreßen [SPD]
2183,strand] [CDU/CSU]
2183,Struck [SPD]
2183,Schindler [CDU/CSU]
2183,DIE GRÜNEN – Jörg Tauss [SPD]
2183,GRÜNEN – Dr. Christian Ruck [CDU/CSU]
2183,Claudia Nolte [CDU/CSU]
2183,Manfred Grund [CDU/CSU]
2183,Dr. Irmgard Schwaetzer [FDP]
2183,Kues [CDU/CSU]
2184,Michael Müller [Düsseldorf] [SPD]
2184,neten der FDP – Ludwig Stiegler [SPD]
2184,DIE GRÜNEN – Dr. Wolfgang Gerhardt [FDP]
2185,Gernot Erler [SPD]
2185,DIE GRÜNEN – Michael Glos [CDU/CSU]
2185,Mark [SPD]
2185,Glos [CDU/CSU]
2185,Wilhelm Schmidt [Salzgitter] [SPD]
2185,der FDP – Carl-Ludwig Thiele [FDP]
2185,Rachel [CDU/CSU]
2185,Büttner [Ingolstadt] [SPD]
2185,Jörg Tauss [SPD]
2185,bei der SPD – Eckart von Klaeden [CDU/CSU]
2185,Müntefering [SPD]
2186,der SPD – Joachim Poß [SPD]
2186,Pflüger [CDU/CSU]
2186,Fischer [Göttingen] [CDU/CSU]
2186,Wilhelm Schmidt [Salzgitter] [SPD]
2186,Michael Glos [CDU/CSU]
2186,ich an! – Ulrike Mehl [SPD]
2186,Angelica Schwall-Düren [SPD]
2186,Markus Kurth [BÜNDNIS 90/DIE GRÜNEN]
2186,Kopp [FDP]
2186,Ludwig Stiegler [SPD]
2186,Girisch [CDU/CSU]
2186,sen! – Sebastian Edathy [SPD]
2186,Lothar Mark [SPD]
2186,Ramsauer [CDU/CSU]
2186,suchen! – Ute Kumpf [SPD]
2186,Müntefering [SPD]
2186,Wülfing [CDU/CSU]
2187,von Klaeden [CDU/CSU]
2187,DIE GRÜNEN – Michael Glos [CDU/CSU]
2187,der SPD – Franz Müntefering [SPD]
2187,GRÜNEN – Volker Kauder [CDU/CSU]
2187,neten der FDP – Dr . Rainer Wend [SPD]
2187,Küster [SPD]
2187,Benneter [SPD]
2187,Hans Michelbach [CDU/CSU]
2187,Steffen Kampeter [CDU/CSU]
2187,Ulrike Flach [FDP]
2187,Otto [Frankfurt] [FDP]
2187,ten der FDP  Dr. Uwe Küster [SPD]
2187,Wilhelm Schmidt [Salzgitter] [SPD]
2187,Bosbach [CDU/CSU]
2187, Jörg Tauss [SPD]
2187,Wilhelm Schmidt [Salzgitter] [SPD]
2187,Kampeter [CDU/CSU]
2187,Gernot Erler [SPD]
2187,Walch [SPD]
2187,Wolfgang Zöller [CDU/CSU]
2187,Hans Michelbach [CDU/CSU]
2187,Eckardt [BÜNDNIS 90/DIE GRÜNEN]
2187,DIE GRÜNEN – Volker Kauder [CDU/CSU]
2187, Renate Blank [CDU/CSU]
2187,neten der FDP – Hubertus Heil [SPD]
2187,Bernd Scheelen [SPD]
2187,DIE GRÜNEN – Friedrich Merz [CDU/CSU]
2187,Wilhelm Schmidt [Salzgitter] [SPD]
2187,Hinsken [CDU/CSU]
2187,Kauder [CDU/CSU]
2188,DIE GRÜNEN – Jörg Tauss [SPD]
2188,DIE GRÜNEN – Dr. Heinrich L. Kolb [FDP]
2189,Schmidt [Salzgitter] [SPD]
2189,Singhammer [CDU/CSU]
2189,Michelbach [CDU/CSU]
2189,Wilhelm Schmidt [Salzgitter] [SPD]
2189,Dr. Heinrich L. Kolb [FDP]
2189,Eckart von Klaeden [CDU/CSU]
2189,Gipfel! – Dr. Heinrich L. Kolb [FDP]
2189,Volmer [BÜNDNIS 90/DIE GRÜNEN]
2190,Ramsauer [CDU/CSU]
2190,Weisskirchen [Wiesloch] [SPD]
2190,Franz Müntefering [SPD]
2190,Schmidt [Salzgitter] [SPD]
2190,J. Rossmanith [CDU/CSU]
2190,chen! – Ute Kumpf [SPD]
2190,Joachim Stünker [SPD]
2190,Dr. Wolfgang Gerhardt [FDP]
2190,DIE GRÜNEN – Wolfgang Zöller [CDU/CSU]
2190,Kauder [CDU/CSU]
2190,doch keine Frage! – Christel Humme [SPD]
2191,neten der FDP – Ulrich Kelber [SPD]
2191,Volker Kauder [CDU/CSU]
2191,Koschyk [CDU/CSU]
2191, Michael Glos [CDU/CSU]
2191,Michael Roth [Heringen] [SPD]
2191, Wilhelm Schmidt [Salzgitter] [SPD]
2191,da! – Wolfgang Gerhardt [FDP]
2191,freistellung auch! – Joachim Poß [SPD]
2191, So ist es! – Dr. Uwe Küster [SPD]
2191,CDU/CSU – Jörg van Essen [FDP]
2191,Hartmut Schauerte [CDU/CSU]
2191,Eckart von Klaeden [CDU/CSU]
2191,DIE GRÜNEN – Ludwig Stiegler [SPD]
2191,Michael Kretschmer [CDU/CSU]
2191,DIE GRÜNEN – Ulrike Flach [FDP]
2191,Paziorek [CDU/CSU]
2191,Skarpelis-Sperk [SPD]
2191, Joachim Poß [SPD]
2191,DIE GRÜNEN – Volker Kauder [CDU/CSU]
2191, Dr. Uwe Küster [SPD]
2191,Florian Pronold [SPD]
2191,Dr. Guido Westerwelle [FDP]
2191,Nickels [BÜNDNIS 90/DIE GRÜNEN]
2191,selber lachen! – Dagmar Wöhrl [CDU/CSU]
2191,Kauder [CDU/CSU]
2191,Reiche [CDU/CSU]
2192,Helmut Heiderich [CDU/CSU]
2192,Niebel [FDP]
2192, Jörg Tauss [SPD]
2192,DIE GRÜNEN – Volker Kauder [CDU/CSU]
2192,ter] [SPD]
2192,Dr. Wolfgang Gerhardt [FDP]
2192,alt! – Lothar Mark [SPD]
2192,DIE GRÜNEN – Otto Fricke [FDP]
2192, Wilhelm Schmidt [Salzgitter] [SPD]
2193,Nachtwei [BÜNDNIS 90/DIE GRÜNEN]
2193,DIE GRÜNEN – Dirk Niebel [FDP]
2193,Jörg Tauss [SPD]
2193,Hans Michelbach [CDU/CSU]
2193,Erika Lotz [SPD]
2194,und bei der SPD – Georg Girisch [CDU/CSU]
2194,SPD – Dr. Guido Westerwelle [FDP]
2195,Wilhelm Schmidt [Salzgitter] [SPD]
2195,Dr. Uwe Küster [SPD]
2195,Pau [fraktionslos] – Jens Spahn [CDU/CSU]
2195,CDU/CSU – Dr. Wolfgang Gerhardt [FDP]
2195,FDP – Günther Friedrich Nolting [FDP]
2195,Volker Kauder [CDU/CSU]
2195,Ihnen! – Klaus Uwe Benneter [SPD]
2195,der FDP – Dietrich Austermann [CDU/CSU]
2195,Anja Hajduk [BÜNDNIS 90/DIE GRÜNEN]
2195,Gernot Erler [SPD]
2195,Ulrich Kelber [SPD]
2195,Dr. Karl A. Lamers [Heidelberg] [CDU/CSU]
2195,Schmidt [Salzgitter] [SPD]
2195,Gernot Erler [SPD]
2195,DIE GRÜNEN – Hans-Joachim Hacker [SPD]
2195,tung! – Karin Rehbock-Zureich [SPD]
2196,gleich lassen! – Dr. Heinrich L. Kolb [FDP]
2196,Tauss [SPD]
2196,Dr. Uwe Küster [SPD]
2196,Winkler [BÜNDNIS 90/DIE GRÜNEN]
2196,Tritz [BÜNDNIS 90/DIE GRÜNEN]
2196,Krista Sager [BÜNDNIS 90/DIE GRÜNEN]
2196,ern? – Peter Dreßen [SPD]
2196,Wilhelm Schmidt [Salzgitter] [SPD]
2196,gnädig! – Dr. Peter Ramsauer [CDU/CSU]
2196,Hacker [SPD]
2196,gut! – Hans Michelbach [CDU/CSU]
2196,tingen] [CDU/CSU]
2196,hausen] [CDU/CSU]
2196,NEN] – Eckart von Klaeden [CDU/CSU]
2196,DIE GRÜNEN – Ludwig Stiegler [SPD]
2196,Siegfried Scheffler [SPD]
2196,Manfred Grund [CDU/CSU]
2196,Dr. Andreas Scheuer [CDU/CSU]
2196,Röttgen [CDU/CSU]
2196,Friedrich [Bayreuth] [FDP]
2196,Fornahl [SPD]
2196,Hans Michelbach [CDU/CSU]
2196,chen! – Carl-Ludwig Thiele [FDP]
2196,gen] [SPD]
2196,Kumpf [SPD]
2196,gitter] [SPD]
2196,Dr. Peter Ramsauer [CDU/CSU]
2196,bach] [SPD]
2196,Dieter Rossmann [SPD]
2196,Erler [SPD]
2196,Wilhelm Schmidt [Salzgitter] [SPD]
2196,Binninger [CDU/CSU]
2196,Küster [SPD]
2196,Wilhelm Schmidt [Salzgitter] [SPD]
2196,der SPD – Dr. Wolfgang Gerhardt [FDP]
2196,Günther Friedrich Nolting [FDP]
2196,NEN – Dr. Guido Westerwelle [FDP]
2196,Dr. Werner Hoyer [FDP]
2196,Kuhn [BÜNDNIS 90/DIE GRÜNEN]
2196,Kauder [CDU/CSU]
2196,Kauder [CDU/CSU]
2196,Dr. Wolfgang Gerhardt [FDP]
2196,Regierung! – Volker Kauder [CDU/CSU]
2196,Ute Kumpf [SPD]
2196, Manfred Grund [CDU/CSU]
2196,Niebel [FDP]
2196,Montag [BÜNDNIS 90/DIE GRÜNEN]
2196,gen] [CDU/CSU]
2196,Gerhardt [FDP]
2196,Peter Bleser [CDU/CSU]
2196,Dirk Niebel [FDP]
2196,Marie-Luise Dött [CDU/CSU]
2196, Petra Ernstberger [SPD]
2196,der CDU/CSU – Volker Kauder [CDU/CSU]
2196,Brauksiepe [CDU/CSU]
2196,Krista Sager [BÜNDNIS 90/DIE GRÜNEN]
2196,Krista Sager [BÜNDNIS 90/DIE GRÜNEN]
2196,Jürgen Koppelin [FDP]
2196,SPD und der LINKEN – Jörg Rohde [FDP]
2196, Iris Gleicke [SPD]
2196,fall! – Dr. Guido Westerwelle [FDP]
2196, Dirk Niebel [FDP]
2196,Kampeter [CDU/CSU]
2196,Dr. Wolfgang Gerhardt [FDP]
2196,richtig! – Dr. Ernst Dieter Rossmann [SPD]
2196,neten der SPD – Dr. Heinrich L. Kolb [FDP]
2196,Röttgen [CDU/CSU]
2196,Leo Dautzenberg [CDU/CSU]
2196,der CDU/CSU – Dr. Guido Westerwelle [FDP]
2196,gen] [CDU/CSU]
2196, Dr. Uwe Küster [SPD]
2196,Fricke [FDP]
2196,Kuhn [BÜNDNIS 90/DIE GRÜNEN]
2196,CDU/CSU – Hartmut Koschyk [CDU/CSU]
2196,peter [CDU/CSU]
2196,Gleicke [SPD]
2196,Kuhn [BÜNDNIS 90/DIE GRÜNEN]
2196,GRÜNEN – Dr. Carl-Christian Dressel [SPD]
2196,Kuhn [BÜNDNIS 90/DIE GRÜNEN]
2196,und der SPD – Dr. Guido Westerwelle [FDP]
2196,Kauder [CDU/CSU]
2196,Westerwelle [FDP]
2196,Struck [SPD]
2196,Gysi [DIE LINKE]
2196,Tauss [SPD]
2197,Scholz [SPD]
2197,Klaus Uwe Benneter [SPD]
2197,Das ist ein Dreisatz! – Caren Marks [SPD]
2197,Koppelin [FDP]
2197,neten der SPD – Uta Zapf [SPD]
2197,der SPD – Jörg Tauss [SPD]
2197,Wolfgang Gehrcke [DIE LINKE]
2197,Frank Spieth [DIE LINKE]
2197,Niebel [FDP]
2197,Klaus Uwe Benneter [SPD]
2197,Dr. Peter Struck [SPD]
2197,rungsantrag! – Steffen Kampeter [CDU/CSU]
2197,bei der SPD – Volker Kauder [CDU/CSU]
2197,CDU/CSU – Dr. Claudia Winterstein [FDP]
2197,Jörg van Essen [FDP]
2197, Hartmut Schauerte [CDU/CSU]
2197,Löning [FDP]
2197,der SPD – Dr. Dieter Wiefelspütz [SPD]
2197,wahr! – Dr. Dieter Wiefelspütz [SPD]
2197,Krichbaum [CDU/CSU]
2197,Volker Kröning [SPD]
2197,Mauz [CDU/CSU]
2197,van Essen [FDP]
2197,Lohnsteuerklasse V! – Iris Gleicke [SPD]
2197,Küster [SPD]
2197,CDU/CSU – Rainer Brüderle [FDP]
2197,Ludwig Thiele [FDP]
2197,Walter Kolbow [SPD]
2197,Kauder [CDU/CSU]
2197,Christian Lange [Backnang] [SPD]
2197,CSU] – Sibylle Pfeiffer [CDU/CSU]
2197,nicht! – Ina Lenke [FDP]
2197,Westerwelle [FDP]
2198,Westerwelle [FDP]
2198,der CDU/CSU – Sibylle Pfeiffer [CDU/CSU]
2198,Reinhard Grindel [CDU/CSU]
2198,Joachim Stünker [SPD]
2198,Volker Kauder [CDU/CSU]
2198,Grund [CDU/CSU]
2198,Westerwelle [FDP]
2198,berg] [SPD]
2199,Hans-Michael Goldmann [FDP]
2199,der CDU/CSU – René Röspel [SPD]
2199,Brinkmann [Hildesheim] [SPD]
2199,Dr. Sascha Raabe [SPD]
2199,Dr. Guido Westerwelle [FDP]
2199,Manfred Grund [CDU/CSU]
2201,der LINKEN – Jörg Tauss [SPD]
2201,CSU – Ulrich Kelber [SPD]
2201,neten der SPD – Markus Löning [FDP]
2202,Lötzsch [DIE LINKE]
2202,Koppelin [FDP]
2202,der SPD – Dr. Peter Struck [SPD]
2202,Schneider [Saarbrücken] [DIE LINKE]
2202,neten der SPD – Ulrike Flach [FDP]
2202,Westerwelle [FDP]
2202,Schmidbauer [CDU/CSU]
2202,Fritz Kuhn [BÜNDNIS 90/DIE GRÜNEN]
2202,Dr. Guido Westerwelle [FDP]
2202,Kuhn [BÜNDNIS 90/DIE GRÜNEN]
2202,Klaeden [CDU/CSU]
2202,Volker Kauder [CDU/CSU]
2202,SPD – Heidi Wright [SPD]
2202,Enkelmann [DIE LINKE]
2202,Dr. Peter Ramsauer [CDU/CSU]
2202,Röttgen [CDU/CSU]
2202,Gerigk [BÜNDNIS 90/DIE GRÜNEN]
2202,Künast [BÜNDNIS 90/DIE GRÜNEN]
2202,Kastner [SPD]
2202,KEN – Dr. Dagmar Enkelmann [DIE LINKE]
2202,Merkel [Berlin] [SPD]
2202,Dr. Heinrich L. Kolb [FDP]
2202,Dr. Dagmar Enkelmann [DIE LINKE]
2202,Dr. Diether Dehm [DIE LINKE]
2202,Hans-Joachim Otto [Frankfurt] [FDP]
2202,nicht! – Andrea Nahles [SPD]
2202,Lange [Backnang] [SPD]
2202,Ulrich Kelber [SPD]
2202,alles lesen! – Uwe Barth [FDP]
2202,Dr. Dagmar Enkelmann [DIE LINKE]
2202,ist! – Dr. Guido Westerwelle [FDP]
2202,haaf [SPD]
2202,Neuforn [BÜNDNIS 90/DIE GRÜNEN]
2202,CSU und der SPD – René Röspel [SPD]
2202,Kampeter [CDU/CSU]
2202,der SPD – Wolfgang Gehrcke [DIE LINKE]
2202,Marco Bülow [SPD]
2202,Hemker [SPD]
2202,Tauss [SPD]
2202,Dr. Dagmar Enkelmann [DIE LINKE]
2202,Lenke [FDP]
2203,Kuhn [BÜNDNIS 90/DIE GRÜNEN]
2203,Elke Ferner [SPD]
2203,Enkelmann [DIE LINKE]
2203,Kolb [FDP]
2203,René Röspel [SPD]
2203,Georg Schirmbeck [CDU/CSU]
2204,neten der SPD – Frank Spieth [DIE LINKE]
2204,von Klaeden [CDU/CSU]
2204,Struck [SPD]
2204,Binninger [CDU/CSU]
2204,NEN – Martin Zeil [FDP]
2204,sie nicht gesagt! – Dr. Werner Hoyer [FDP]
2204,Dr. Gesine Lötzsch [DIE LINKE]
2204,Jerzy Montag [BÜNDNIS 90/DIE GRÜNEN]
2204,Klaus Riegert [CDU/CSU]
2204,CSU] – Gudrun Kopp [FDP]
2204,Höfken [BÜNDNIS 90/DIE GRÜNEN]
2204,Dr. Diether Dehm [DIE LINKE]
2204,Gisela Piltz [FDP]
2204,Michael Goldmann [FDP]
2204,Jerzy Montag [BÜNDNIS 90/DIE GRÜNEN]
2204,Westerwelle [FDP]
2204,er denn? – Steffen Kampeter [CDU/CSU]
2204,FDP – Dr. Guido Westerwelle [FDP]
2204,Kampeter [CDU/CSU]
2204,DIE GRÜNEN – Carl-Ludwig Thiele [FDP]
2204,Dückert [BÜNDNIS 90/DIE GRÜNEN]
2205,Marks [SPD]
2205,Dr. Dagmar Enkelmann [DIE LINKE]
2205,Oppermann [SPD]
2205,der CDU/CSU – Jörg van Essen [FDP]
2205,ter [CDU/CSU]
2205,Dr. Norman Paech [DIE LINKE]
2205,und bei der SPD – Gudrun Kopp [FDP]
2205,Singhammer [CDU/CSU]
2205,Dr. Guido Westerwelle [FDP]
2205,der LINKEN – Volker Kauder [CDU/CSU]
2205,Dr. Guido Westerwelle [FDP]
2205,Kuhn [BÜNDNIS 90/DIE GRÜNEN]
2205,Dr. Guido Westerwelle [FDP]
2205,Werner Dreibus [DIE LINKE]
2205,Gerigk [BÜNDNIS 90/DIE GRÜNEN]
2205,Westerwelle [FDP]
2205,der SPD – Dr. Guido Westerwelle [FDP]
2205,GRÜNEN – Joachim Poß [SPD]
2205,Michael Grosse-Brömer [CDU/CSU]
2205,Westerwelle [FDP]
2205, Leo Dautzenberg [CDU/CSU]
2205,Koczy [BÜNDNIS 90/DIE GRÜNEN]
2205,Koppelin [FDP]
2205,Pieper [FDP]
2205,Jörg Tauss [SPD]
2205,Dr. h. c. Gerd Andres [SPD]
2205,Tauss [SPD]
2205,Andres [SPD]
2205,Kuhn [BÜNDNIS 90/DIE GRÜNEN]
2205,Dr. Peter Struck [SPD]
2205,Mechthild Rawert [SPD]
2205,Markus Grübel [CDU/CSU]
2205,Heike Hänsel [DIE LINKE]
2205,Joachim Poß [SPD]
2205,passiert hier öfter! – Ute Kumpf [SPD]
2205,Swen Schulz [Spandau] [SPD]
2205,born] [BÜNDNIS 90/DIE GRÜNEN]
2205,Joachim Poß [SPD]
2205,Thomas Oppermann [SPD]
2205,Dr. Dieter Wiefelspütz [SPD]
2205,Dr. Diether Dehm [DIE LINKE]
2205,per! – Sevim Dağdelen [DIE LINKE]
2205,Danckert [SPD]
2205,Enkelmann [DIE LINKE]
2205,Lintner [CDU/CSU]
2205,Axel Schäfer [Bochum] [SPD]
2205,neten der SPD – Carl-Ludwig Thiele [FDP]
2205,Sönksen [FDP]
2205,Oppermann [SPD]
2205, Otto Fricke [FDP]
2205,Kauder [CDU/CSU]
2205,Oppermann [SPD]
2205,Hendricks [SPD]
2205,Jürgen Trittin [BÜNDNIS 90/DIE GRÜNEN]
2205,Jürgen Trittin [BÜNDNIS 90/DIE GRÜNEN]
2205, Es ist eiskalt! – Elke Ferner [SPD]
2205,Jürgen Trittin [BÜNDNIS 90/DIE GRÜNEN]
2205,Trittin [BÜNDNIS 90/DIE GRÜNEN]
2205,Volker Kauder [CDU/CDU]
2205,Enkelmann [DIE LINKE]
2205,LINKEN – Nicolette Kressl [SPD]
2205,Dr. Dagmar Enkelmann [DIE LINKE]
2205,Ulrich Kelber [SPD]
2205,Dr. Dagmar Enkelmann [DIE LINKE]
2205,Kauder [CDU/CSU]
2205,Thomas Oppermann [SPD]
2205,Heil [Peine] [SPD]
2205,neten der FDP – Ute Kumpf [SPD]
2205,Dr. Dagmar Enkelmann [DIE LINKE]
2205,Thomas Oppermann [SPD]
2205,Joachim Poß [SPD]
2205,Liebich [DIE LINKE]
2205,Michael Grosse-Brömer [CDU/CSU]
2205,Jörg van Essen [FDP]
2205,Bartol [SPD]
2205,Dr. Dagmar Enkelmann [DIE LINKE]
2205,Dr. h. c. Hans Michelbach [CDU/CSU]
2205,das reicht nicht!  Elke Ferner [SPD]
2205,Homburger [FDP]
2205,Barthle [CDU/CSU]
2205,Kauder [CDU/CSU]
2205,der FDP – Ulrich Kelber [SPD]
2205,Schirmbeck [CDU/CSU]
2205,Dr. Dagmar Enkelmann [DIE LINKE]
2205,Sigmar Gabriel [SPD]
2205,KEN – Alexander Süßmair [DIE LINKE]
2205,Volker Kauder [CDU/CSU]
2205,LINKEN – Alexander Ulrich [DIE LINKE]
2205,Hubertus Heil [Peine] [SPD]
2205,NIS 90/DIE GRÜNEN – Joachim Poß [SPD]
2205,nang] [SPD]
2205,Jürgen Trittin [BÜNDNIS 90/DIE GRÜNEN]
2205,Sigmar Gabriel [SPD]
2205,dung! – Agnes Alpers [DIE LINKE]
2205,Altmaier [CDU/CSU]
2205,Poland [CDU/CSU]
2205,Dr. Axel Troost [DIE LINKE]
2205,Koppelin [FDP]
2205,Dr. Dagmar Enkelmann [DIE LINKE]
2205,Dr. Dagmar Enkelmann [DIE LINKE]
2205,dau] [SPD]
2205,Andreae [BÜNDNIS 90/DIE GRÜNEN]
2205,Dautzenberg [CDU/CSU]
2205,Leibrecht [FDP]
2205,Dr. Hans-Peter Friedrich [Hof] [CDU/CSU]
2205,Jürgen Trittin [BÜNDNIS 90/DIE GRÜNEN]
2205,Jürgen Trittin [BÜNDNIS 90/DIE GRÜNEN]
2205,und der FDP – Volker Kauder [CDU/CSU]
2205,Hubertus Heil [Peine] [SPD]
2205,den! – Hans-Joachim Hacker [SPD]
2205,Hempelmann [SPD]
2205,Oppermann [SPD]
2205,GRÜNEN – Joachim Poß [SPD]
2205,Kumpf [SPD]
2205,GRÜNEN – Frank Hofmann [Volkach] [SPD]
2205,Dr. Martin Neumann [Lausitz] [FDP]
2205,Dr. Diether Dehm [DIE LINKE]
2205,Kauder [CDU/CSU]
2205,NEN] – Jörg van Essen [FDP]
2205,Kirsten Lühmann [SPD]
2205,Jürgen Trittin [BÜNDNIS 90/DIE GRÜNEN]
2205, Heinz Lanfermann [FDP]
2205,mal gut! – Volker Kauder [CDU/CSU]
2205,LINKEN – Thomas Oppermann [SPD]
2205,Kalb [CDU/CSU]
2205,GRÜNEN – Bartholomäus Kalb [CDU/CSU]
2205,Dr. Frank-Walter Steinmeier [SPD]
2205,Anton Schaaf [SPD]
2205,Kuhn [BÜNDNIS 90/DIE GRÜNEN]
2205,Dr. Gesine Lötzsch [DIE LINKE]
2205,Michael Groschek [SPD]
2205,lich! – Volker Kauder [CDU/CSU]
2205,Dr. Hans-Peter Friedrich [Hof] [CDU/CSU]
2205,Dr. Hans-Peter Friedrich [Hof] [CDU/CSU]
2205,Hänsel [DIE LINKE]
2205,Dr. h. c. Susanne Kastner [SPD]
2205,der SPD – Swen Schulz [Spandau] [SPD]
2205,Roderich Kiesewetter [CDU/CSU]
2205,Uta Zapf [SPD]
2205,Hubertus Heil [Peine] [SPD]
2205,neten der FDP – Elke Ferner [SPD]
2205,Dr. Dagmar Enkelmann [DIE LINKE]
2205,rich [Hof] [CDU/CSU]
2205,der CDU/CSU – Hubertus Heil [Peine] [SPD]
2205,LINKEN – Wolfgang Gehrcke [DIE LINKE]
2205,Dr. Dagmar Enkelmann [DIE LINKE]
2205,Christian Lange [Backnang] [SPD]
2205, Volker Kauder [CDU/CSU]
2205,Matthias W. Birkwald [DIE LINKE]
2205,Sigmar Gabriel [SPD]
2205,Sönke Rix [SPD]
2205,Dr. Ernst Dieter Rossmann [SPD]
2205,Dr. Frank-Walter Steinmeier [SPD]
2205,Enkelmann [DIE LINKE]
2205,Dr. Petra Sitte [DIE LINKE]
2205,KEN – Heiner Kamp [FDP]
2205,Kasan [FDP]
2205,Meister [CDU/CSU]
2205,Gustav Herzog [SPD]
2205,Lindner [Berlin] [FDP]
2205, Sigmar Gabriel [SPD]
2205,Thomas Oppermann [SPD]
2205,Johannes Kahrs [SPD]
2205,Thomas Oppermann [SPD]
2205,Swen Schulz [Spandau] [SPD]
2205,nang] [SPD]
2205,Klaus Ernst [DIE LINKE]
2205,Krankheit! – Bartholomäus Kalb [CDU/CSU]
2205, Thomas Oppermann [SPD]
2205,DIE GRÜNEN – René Röspel [SPD]
2205,Heil [Peine] [SPD]
2205,Volker Kauder [CDU/CSU]
2205,Dr. Dagmar Enkelmann [DIE LINKE]
2205,Barthle [CDU/CSU]
2205,chen bei der SPD – Gustav Herzog [SPD]
2205,Gleicke [SPD]
2205,Peter Uhl [CDU/CSU]
2205,Jens Spahn [CDU/CSU]
2205,Beck [Köln] [BÜNDNIS 90/DIE GRÜNEN]
2205,Sigmar Gabriel [SPD]
2205,Hartwig Fischer [Göttingen] [CDU/CSU]
2205,Kelber [SPD]
2205,Jörg van Essen [FDP]
2205,Haßelmann [BÜNDNIS 90/DIE GRÜNEN]
2205,Trittin [BÜNDNIS 90/DIE GRÜNEN]
2205,Martin Dörmann [SPD]
2205,der CDU/CSU – Ulrich Kelber [SPD]
2205,eben auch! – Daniela Kolbe [Leipzig] [SPD]
2205,der CDU/CSU – Ulrich Kelber [SPD]
2205,Klaus-Peter Flosbach [CDU/CSU]
2205,Kauder [CDU/CSU]
2205,bert Barthle [CDU/CSU]
2205,NEN] – Dr. Martin Lindner [Berlin] [FDP]
2205,Bärbel Höhn [BÜNDNIS 90/DIE GRÜNEN]
2205,Volker Kauder [CDU/CSU]
2205,der CDU/CSU – Elke Ferner [SPD]
2205,Dr. Barbara Hendricks [SPD]
2205,Bettina Hagedorn [SPD]
2205, Oh! – Rainer Brüderle [FDP]
2205,Ulrich Kelber [SPD]
2205,tionsvertrag? – Ulrich Kelber [SPD]
2205,Jürgen Trittin [BÜNDNIS 90/DIE GRÜNEN]
2205,LINKEN – Jimmy Schulz [FDP]
2205,Patrick Meinhardt [FDP]
2205,Schäfer [Bochum] [SPD]
2205,der CDU/CSU – René Röspel [SPD]
2205,Hartwig Fischer [Göttingen] [CDU/CSU]
2205,nang] [SPD]
2205,DIE GRÜNEN – Patrick Döring [FDP]
2205,Steinmeier [SPD]
2205, Holger Krestel [FDP]
2205,ckernheim] [SPD]
2205,Schweickert [FDP]
2205, Georg Schirmbeck [CDU/CSU]
2205,der FDP – Elke Ferner [SPD]
2205,Ulrich Kelber [SPD]
2205,Dr. Dagmar Enkelmann [DIE LINKE]
2205,Spahn [CDU/CSU]
2205,langen] [CDU/CSU]
2205,lin] [FDP]
2205,Hasselfeldt [CDU/CSU]
2205,Thomas Oppermann [SPD]
2205,Hans-Michael Goldmann [FDP]
2205,Dr. Dagmar Enkelmann [DIE LINKE]
2205,Grindel [CDU/CSU]
2205, Dr. Dagmar Enkelmann [DIE LINKE]
2205,Jürgen Trittin [BÜNDNIS 90/DIE GRÜNEN]
2205,Hubertus Heil [Peine] [SPD]
2205,Philipp [CDU/CSU]
2205,der FDP – Dr. Dieter Wiefelspütz [SPD]
2205,Florian Hahn [CDU/CSU]
2205,Patrick Döring [FDP]
2205,Alexander Ulrich [DIE LINKE]
2205,GRÜNEN – Dr. Erik Schweickert [FDP]
2205,der LINKEN – Volker Kauder [CDU/CSU]
2205,Volker Kauder [CDU/CSU]
2206,gen] [CDU/CSU]
2206,Joachim Poß [SPD]
2206,Heike Hänsel [DIE LINKE]
2206,Dr. Martin Lindner [Berlin] [FDP]
2206,Gustav Herzog [SPD]
2206,Petra Merkel [Berlin] [SPD]
2206,der CDU/CSU – Florian Pronold [SPD]
2206,Oh! – Rainer Brüderle [FDP]
2206,Dr. Dagmar Enkelmann [DIE LINKE]
2206,Jürgen Trittin [BÜNDNIS 90/DIE GRÜNEN]
2206,Joachim Poß [SPD]
2206,Enkelmann [DIE LINKE]
2206,Anette Kramme [SPD]
2206,Sönke Rix [SPD]
2206,Enkelmann [DIE LINKE]
2206,Scheelen [SPD]
2206,Jürgen Trittin [BÜNDNIS 90/DIE GRÜNEN]
2206,lingen-Schwenningen] [CDU/CSU]
2206,Kauder [CDU/CSU]
2206,Peter Willsch [CDU/CSU]
2206,Gleicke [SPD]
2206,Dr. Carsten Sieling [SPD]
2206,Ulrich Kelber [SPD]
2206,Trittin [BÜNDNIS 90/DIE GRÜNEN]
2206,der FDP – Mechthild Rawert [SPD]
2206,Otto Fricke [FDP]
2206,Dr. Stefan Ruppert [FDP]
2206,Norbert Schindler [CDU/CSU]
2206, Peer Steinbrück [SPD]
2206,Dr. Peter Tauber [CDU/CSU]
2206,Mützenich [SPD]
2206, Iris Gleicke [SPD]
2206,Christian Lange [Backnang) [SPD]
2206,Alexander Ulrich [DIE LINKE]
2206,Ulrich Kelber [SPD]
2206,Bernhard Kaster [CDU/CSU]
2206,Manfred Zöllmer [SPD]
2206, Ulrich Kelber [SPD]
2206,Kelber [SPD]
2206,Krischer [BÜNDNIS 90/DIE GRÜNEN]
2206,Manfred Zöllmer [SPD]
2206,Angelika Graf [Rosenheim] [SPD]
2206,Neumann [Lausitz] [FDP]
2206,regierung? – Hubertus Heil [Peine] [SPD]
2206,"Ton, Sascha! – Manfred Grund [CDU/CSU]"
2206,Dr. Dagmar Enkelmann [DIE LINKE]
2206,Henke [CDU/CSU]
2206,und bei der SPD – Holger Krestel [FDP]
2206,Dr. Dagmar Enkelmann [DIE LINKE]
2206,GRÜNEN – Joachim Spatz [FDP]
2206,Florian Pronold [SPD]
2206,Ende! – Rainer Arnold [SPD]
2206,der CDU/CSU – Ulrich Kelber [SPD]
2206,Volker Kauder [CDU/CSU]
2206,Bernd Scheelen [SPD]
2206,Künast [BÜNDNIS 90/DIE GRÜNEN]
2206,Kelber [SPD]
2206,der CDU/CSU – Thomas Oppermann [SPD]
2206,Dr. Stefan Ruppert [FDP]
2206,neten der SPD – Patrick Döring [FDP]
2206,Künast [BÜNDNIS 90/DIE GRÜNEN]
2206,Jürgen Trittin [BÜNDNIS 90/DIE GRÜNEN]
2206,Patrick Döring [FDP]
2206,DIE GRÜNEN – Henning Otte [CDU/CSU]
2206,LINKEN – Volker Kauder [CDU/CSU]
2206,Michael Grosse-Brömer [CDU/CSU]
2206,Volker Kauder [CDU/CSU]
2206,Eckardt [BÜNDNIS 90/DIE GRÜNEN]
2206,Dr. Bärbel Kofler [SPD]
2206,Volker Kauder [CDU/CSU]
2206,Clemens Binninger [CDU/CSU]
2206,Tankred Schipanski [CDU/CSU]
2206,Manfred Grund [CDU/CSU]
2206,Alexander Ulrich [DIE LINKE]
2206,Oh! – Volker Kauder [CDU/CSU]
2206,Brömer [CDU/CSU]
2206,neten der SPD – Klaus Ernst [DIE LINKE]
2206,Brömer [CDU/CSU]
2206,Grosse-Brömer [CDU/CSU]
2206,Brömer [CDU/CSU]
2206,Schockenhoff [CDU/CSU]
2206,Volker Kauder [CDU/CSU]
2206,Kathrin Vogler [DIE LINKE]
2206,Oppermann [SPD]
2206, Christine Lambrecht [SPD]
2206,Eckardt [BÜNDNIS 90/DIE GRÜNEN]
2206,der SPD – Dr. Diether Dehm [DIE LINKE]
2206,Michael Grosse-Brömer [CDU/CSU]
2206,Beck [Köln] [BÜNDNIS 90/DIE GRÜNEN]
2206,Kauder [CDU/CSU]
2206,Schummer [CDU/CSU]
2206,Kindler [BÜNDNIS 90/DIE GRÜNEN]
2206,Weiss [Wesel I] [CDU/CSU]
2206,Volker Kauder [CDU/CSU]
2206,Wilms [BÜNDNIS 90/DIE GRÜNEN]
2206,so! – Alexander Ulrich [DIE LINKE]
2206,Bärbel Höhn [BÜNDNIS 90/DIE GRÜNEN]
2206,Spahn [CDU/CSU]
2206,Krischer [BÜNDNIS 90/DIE GRÜNEN]
2206,Rossmann [SPD]
2206,Matthias W. Birkwald [DIE LINKE]
2206,Henning Otte [CDU/CSU]
2206,Brömer [CDU/CSU]
2206,Veit [SPD]
2206,SPD – Swen Schulz [Spandau] [SPD]
2206,Bettina Hagedorn [SPD]
2206,Dr. Michael Fuchs [CDU/CSU]
2206,Volker Kauder [CDU/CSU]
2206,Birkwald [DIE LINKE]
2206,Birkwald [DIE LINKE]
2206,Zimmermann [DIE LINKE]
2206,Oppermann [SPD]
2206,Brömer [CDU/CSU]
2206,Brömer [CDU/CSU]
2206,lich! – Michael Grosse-Brömer [CDU/CSU]
2206,Rehberg [CDU/CSU]
2206,Schipanski [CDU/CSU]
2206,GRÜNEN – Norbert Barthle [CDU/CSU]
2206,dentin! – Volker Kauder [CDU/CSU]
2206,Krischer [BÜNDNIS 90/DIE GRÜNEN]
2206,Gehring [BÜNDNIS 90/DIE GRÜNEN]
2206,Grosse-Brömer [CDU/CSU]
2206,Haßelmann [BÜNDNIS 90/DIE GRÜNEN]
2206,der CDU/CSU – Thomas Oppermann [SPD]
2207,Gustav Herzog [SPD]
2207,Dr. h. c. Hans Michelbach [CDU/CSU]
2207,Wunderlich [DIE LINKE]
2207,Ernst [DIE LINKE]
2207,Volker Kauder [CDU/CSU]
2207,Wawzyniak [DIE LINKE]
2207,Volker Kauder [CDU/CSU]
2207,Gunther Krichbaum [CDU/CSU]
2207,falsch! – Johannes Kahrs [SPD]
2207,Brömer [CDU/CSU]
2207,Matthias W. Birkwald [DIE LINKE]
2207,Brömer [CDU/CSU]
2207,Dr. Thomas Feist [CDU/CSU]
2207,neten der SPD – Michaela Noll [CDU/CSU]
2207,Brömer [CDU/CSU]
2207,Höhn [BÜNDNIS 90/DIE GRÜNEN]
2207,Grundrechte! – Ulla Jelpke [DIE LINKE]
2207,Stockhofe [CDU/CSU]
2207,Uwe Schummer [CDU/CSU]
2207, Michael Brand [CDU/CSU]
2208,Brömer [CDU/CSU]
2208,Fischer! – Manfred Grund [CDU/CSU]
2208,Brömer [CDU/CSU]
2208,Heike Hänsel [DIE LINKE]
2208,Rawert [SPD]
2208,Hofreiter [BÜNDNIS 90/DIE GRÜNEN]
2208,Alexander Ulrich [DIE LINKE]
2208,Jörn Wunderlich [DIE LINKE]
2208,Brömer [CDU/CSU]
2208,Rix [SPD]
2208,Haßelmann [BÜNDNIS 90/DIE GRÜNEN]
2208,Brömer [CDU/CSU]
2208,Grosse-Brömer [CDU/CSU]
2208,Künast [BÜNDNIS 90/DIE GRÜNEN]
2208,LINKE] – Andrej Hunko [DIE LINKE]
2208,Michael Grosse-Brömer [CDU/CSU]
2208,Beck [Köln] [BÜNDNIS 90/DIE GRÜNEN]
2208,Oppermann [SPD]
2208,neten der SPD – Dr. Petra Sitte [DIE LINKE]
2208,Dr. Ernst Dieter Rossmann [SPD]
2208,Schwabe [SPD]
2208,Frank Schwabe [SPD]
2208,Straubinger [CDU/CSU]
2208,Straubinger [CDU/CSU]
2208,Klaus Ernst [DIE LINKE]
2208,Michael Grosse-Brömer [CDU/CSU]
2208,Hubertus Heil [Peine] [SPD]
2208,CSU] – Dr. Petra Sitte [DIE LINKE]
2208,LINKE] – Pia Zimmermann [DIE LINKE]
2208,Brömer [CDU/CSU]
2208,Christine Buchholz [DIE LINKE]
2208,Michael Grosse-Brömer [CDU/CSU]
2208,Dr. Karl Lauterbach [SPD]
2208,Hahn [DIE LINKE]
2208,Mechthild Rawert [SPD]
2208,sel I] [CDU/CSU]
2208,Andreas Mattfeldt [CDU/CSU]
2208,Oppermann [SPD]
2208,Hubertus Heil (Peine) [SPD]
2208,Martin Dörmann [SPD]
2208,Harald Weinberg [DIE LINKE]
2208,Dr . Michael Fuchs [CDU/CSU]
2208,GRÜNEN] – Mechthild Rawert [SPD]
2208,Wilms [BÜNDNIS 90/DIE GRÜNEN]
2209,Michael Grosse-Brömer [CDU/CSU]
2209,Hänsel [DIE LINKE]
2209,Oppermann [SPD]
2209,Birkwald [DIE LINKE]
2209,Dr . Matthias Heider [CDU/CSU]
2209,Sabine Weiss (Wesel I) [CDU/CSU]
2209,Volker Kauder [CDU/CSU]
2209,Harald Petzold (Havelland) [DIE LINKE]
2209,Maik Beermann [CDU/CSU]
2209,Grosse-Brömer [CDU/CSU]
2209,Johannes Kahrs [SPD]
2209,Eckhardt Rehberg [CDU/CSU]
2210,Steffi Lemke [BÜNDNIS 90/DIE GRÜNEN]
2210,Jürgen Trittin [BÜNDNIS 90/DIE GRÜNEN]
2210,Dr . Kirsten Tackmann [DIE LINKE]
2210,Trittin [BÜNDNIS 90/DIE GRÜNEN]
2210,der SPD – Thomas Oppermann [SPD]
2210,ist! – Michael Grosse-Brömer [CDU/CSU]
2210,Volker Kauder [CDU/CSU]
2210,Grosse-Brömer [CDU/CSU]
2210,Albert Rupprecht [CDU/CSU]
2210,delberg] [SPD]
2210,Wilms [BÜNDNIS 90/DIE GRÜNEN]
2210,Dr . Dietmar Bartsch [DIE LINKE]
2210,sel I] [CDU/CSU]
2210,sel I] [CDU/CSU]
2210,CSU] – Volker Kauder [CDU/CSU]
2210,Bartsch [DIE LINKE]
2210,Michael Grosse-Brömer [CDU/CSU]
2210,Eckardt [BÜNDNIS 90/DIE GRÜNEN]
2210,Michael Grosse-Brömer [CDU/CSU]
2210,Volker Kauder [CDU/CSU]
2210,der CDU/CSU – Ulli Nissen [SPD]
2210,Mechthild Rawert [SPD]
2210,Was? – Michael Grosse-Brömer [CDU/CSU]
2210,Behrens [DIE LINKE] – Sören Bartol [SPD]
2210,Volker Kauder [CDU/CSU]
2210,Eckardt [BÜNDNIS 90/DIE GRÜNEN]
2210,Volker Kauder [CDU/CSU]
2210,Eckardt [BÜNDNIS 90/DIE GRÜNEN]
2210,Birkwald [DIE LINKE]
2210,Schublade! – Gustav Herzog [SPD]
2210,burg] [BÜNDNIS 90/DIE GRÜNEN]
2210,Frank Tempel [DIE LINKE]
2211,Kauder [CDU/CSU]
2211,Haßelmann [BÜNDNIS 90/DIE GRÜNEN]
2211,Notz [BÜNDNIS 90/DIE GRÜNEN]
2211,Fechner [SPD]
2211,Wunderlich [DIE LINKE]
2211,Kai Gehring [BÜNDNIS 90/DIE GRÜNEN]
2211,Michelbach [CDU/CSU]
2211,KEN – Volker Kauder [CDU/CSU]
2211,Möring [CDU/CSU]
2211,arden bei uns! – Heike Hänsel [DIE LINKE]
2211,Hubertus Heil [Peine] [SPD]
2211,W . Birkwald [DIE LINKE]
2211,Brömer [CDU/CSU]
2211,Michael Grosse-Brömer [CDU/CSU]
2211,gen! – Sören Bartol [SPD]
2211,Bulling-Schröter [DIE LINKE]
2211,Gastel [BÜNDNIS 90/DIE GRÜNEN]
2211,Diaby [SPD]
2211, Immerhin! – Marcus Held [SPD]
2211,Michael Grosse-Brömer [CDU/CSU]
2211,Lazar [BÜNDNIS 90/DIE GRÜNEN]
2211,Abg . Dr . Karamba Diaby [SPD]
2211,Michael Grosse-Brömer [CDU/CSU]
2211,doch! – Burkhard Lischka [SPD]
2211,Nüßlein [CDU/CSU]
2211,Gegenruf der Abg . Dagmar Ziegler [SPD]
2211,Volker Kauder [CDU/CSU]
2211,Bartsch [DIE LINKE]
2211,Brömer [CDU/CSU]
2211,Grund! – Johannes Kahrs [SPD]
2211,Hagedorn [SPD]
2211,Karin Binder [DIE LINKE]
2211,Kerstin Griese [SPD]
2211, Volker Kauder [CDU/CSU]
2211,Grosse-Brömer [CDU/CSU]
2211,Michael Grosse-Brömer [CDU/CSU]
2211,Beck [Köln] [BÜNDNIS 90/DIE GRÜNEN]
2211,Gitta Connemann [CDU/CSU]
2211,CSU – Christian Petry [SPD]
2211,kurz! – Kathrin Vogler [DIE LINKE]
2211,Volker Kauder [CDU/CSU]
2211,Irene Mihalic [BÜNDNIS 90/DIE GRÜNEN]
2211,Matthias W . Birkwald [DIE LINKE]
2211,Hagedorn [SPD]
2211,Maas! – Dr . Volker Ullrich [CDU/CSU]
2211,Lemke [BÜNDNIS 90/DIE GRÜNEN]
2211,Eckardt [BÜNDNIS 90/DIE GRÜNEN]
2211,Krischer [BÜNDNIS 90/DIE GRÜNEN]
2211,Manfred Grund [CDU/CSU]
2211,Lengsfeld [CDU/CSU]
2211,Krischer [BÜNDNIS 90/DIE GRÜNEN]
2211," Ja, gerne! – Willi Brase [SPD]"
2211,Ingo Gädechens [CDU/CSU]
2211,Reiner Meier [CDU/CSU]
2211,Brömer [CDU/CSU]
2211,Matthias W . Birkwald [DIE LINKE]
2211,Wilfried Lorenz [CDU/CSU]
2211,Grosse-Brömer [CDU/CSU]
2211,Fechner [SPD]
2211,Manfred Grund [CDU/CSU]
2212,Sören Bartol [SPD]
2212,Harald Ebner [BÜNDNIS 90/DIE GRÜNEN]
2212,Schmeink [BÜNDNIS 90/DIE GRÜNEN]
2212,Sönke Rix [SPD]
2212,Straubinger [CDU/CSU]
2212,Brömer [CDU/CSU]
2212,Haßelmann [BÜNDNIS 90/DIE GRÜNEN]
2212,GRÜNEN] – Heike Hänsel [DIE LINKE]
2212,Birkwald [DIE LINKE]
2212,Christian Lindner [FDP]
2212,Alexander Gauland [AfD]
2212,Brömer [CDU/CSU]
2212,Oh! – Michael Grosse-Brömer [CDU/CSU]
2212,mer [CDU/CSU]
2212,ker Kauder [CDU/CSU]
2212,dazu! – Dr . Marco Buschmann [FDP]
2212,der CDU/CSU – Christian Dürr [FDP]
2213,Birkwald [DIE LINKE]
2213,Dr . Alexander Gauland [AfD]
2213,AfD – Michael Grosse-Brömer [CDU/CSU]
2213,Schön [CDU/CSU] – Ulli Nissen [SPD]
2213,Dröge [BÜNDNIS 90/DIE GRÜNEN]
2213,Dobrindt [CDU/CSU]
2213,mann [FDP]
2213,zeigt – Volker Kauder [CDU/CSU]
2213,Hitschler [SPD]
2213,Brömer [CDU/CSU]
2213,Grund [CDU/CSU]
2213,ten der CDU/CSU – Dr . Alice Weidel [AfD]
2213,Braun [AfD]
2213,Marianne Schieder [SPD]
2213,FDP – Armin-Paulus Hampel [AfD]
2213,Unfug? – Dr . Daniela De Ridder [SPD]
2213,Niema Movassat [DIE LINKE]
2213,CDU/CSU – Dr . Alice Weidel [AfD]
2213,gen] [CDU/CSU]
2213,Dr . Alice Weidel [AfD]
2213,Jürgen Braun [AfD]
2213,vorher informiert! – Dr . Alice Weidel [AfD]
2213,Zimmer [CDU/CSU]
2213,der SPD – Heike Hänsel [DIE LINKE]
2213,Weidel [AfD]
2213,Dr . Marco Buschmann [FDP]
2213,Braun [AfD]
2213,GRÜNEN – Jürgen Braun [AfD]
2213,von Storch [AfD]
2213,Norbert Müller [Potsdam] [DIE LINKE]
2213,Lindner [FDP]
2213,Grosse-Brömer [CDU/CSU]
2213,mer [CDU/CSU]
2213,KEN – Michael Grosse-Brömer [CDU/CSU]
2213,der SPD – Burkhard Lischka [SPD]
2213,Braun [AfD]
2213,Kahrs [SPD]
2213,leisten kann? – Dr . Alice Weidel [AfD]
2213,Braun [AfD]
2213,Kersten Steinke [DIE LINKE]
2213,Michael Grosse-Brömer [CDU/CSU]
2213,Braun [AfD]
2213, Hat er! – Lars Herrmann [AfD]
2213,Schneider [Erfurt] [SPD]
2213,Michael Grosse-Brömer [CDU/CSU]
2213,Christian Lindner [FDP]
2213,dam] [DIE LINKE]
2213,der CDU/CSU – Ulli Nissen [SPD]
2213,Dr . Marie- Agnes Strack-Zimmermann [FDP]
2213,Andrea Nahles [SPD]
2213,tisch! – Dr. Roy Kühne [CDU/CSU]
2213,Blödsinn! – Johannes Kahrs [SPD]
2213,Haßelmann [BÜNDNIS 90/DIE GRÜNEN]
2213,Nüßlein [CDU/CSU]
2213,dingen] [CDU/CSU]
2213,Aschenberg- Dugnus [FDP]
2213,Brömer [CDU/CSU]
2213,lar] [SPD]
2213,DIE GRÜNEN – Andrea Nahles [SPD]
2213,Abg . Michael Grosse-Brömer [CDU/CSU]
2213,furt] [SPD]
2213,Graf Lambsdorff [FDP]
2213,Grosse-Brömer [CDU/CSU]
2213,Konstantin Kuhle [FDP]
2213,Lemke [BÜNDNIS 90/DIE GRÜNEN]
2213,mer [CDU/CSU]
2213,Jürgen Braun [AfD]
2213,Jürgen Braun [AfD]
2213,Birkwald [DIE LINKE]
2213,Cotar [AfD]
2213,Hocker [FDP]
2213,zen! – Martin Hebner [AfD]
2213,gen] [CDU/CSU]
2213,Haßelmann [BÜNDNIS 90/DIE GRÜNEN]
2213,Maag [CDU/CSU] – Andrea Nahles [SPD]
2213,Haßelmann [BÜNDNIS 90/DIE GRÜNEN]
2213,tur! – Daniela Ludwig [CDU/CSU]
2213,Braun [AfD]
2213,Dobrindt [CDU/CSU]
2213,ordneten der SPD – Stephan Brandner [AfD]
2213,er [SPD]
2213,ist das! – Nicole Gohlke [DIE LINKE]
2213,Clemens Hocker [FDP]
2213,Haßelmann [BÜNDNIS 90/DIE GRÜNEN]
2213,Dr. Johannes Fechner [SPD]
2213,Christian Dürr [FDP]
2213,Michael Grosse-Brömer [CDU/CSU]
2213,bingen] [BÜNDNIS 90/DIE GRÜNEN]
2213,DIE GRÜNEN – Marianne Schieder [SPD]
2213,Haßelmann [BÜNDNIS 90/DIE GRÜNEN]
2213,Michael Theurer [FDP]
2213,Keul [BÜNDNIS 90/DIE GRÜNEN]
2213,Dr . Volker Ullrich [CDU/CSU]
2213,Brömer [CDU/CSU]
2213,Aschenberg-Dugnus [FDP]
2213,werden! – Dr . Marco Buschmann [FDP]
2213,heit! – Dr . Alexander Gauland [AfD]
2213,Brömer [CDU/CSU]
2213,der CDU/CSU – Dr. Alice Weidel [AfD]
2213,furt] [SPD]
2213,Dr. Alice Weidel [AfD]
2213,Dr. Matthias Zimmer [CDU/CSU]
2213,Post [Minden] [SPD]
2213,neten der SPD – Dr. Alice Weidel [AfD]
2213,Angelika Glöckner [SPD]
2213,mehr! – Florian Post [SPD]
2213,Hampel [AfD]
2213,Dürr [FDP]
2213,"Somalia, Eritrea! – Dr. Gottfried Curio [AfD]"
2213,Michael Grosse-Brömer [CDU/CSU]
2213,Evrim Sommer [DIE LINKE]
2213,lich“! – Niema Movassat [DIE LINKE]
2213,Enrico Komning [AfD]
2213,Haßelmann [BÜNDNIS 90/DIE GRÜNEN]
2213,Houben [FDP]
2213,Buschmann [FDP]
2213,her? – Stefan Müller [Erlangen] [CDU/CSU]
2213,Nissen [SPD]
2213,Strack-Zimmermann [FDP]
2213,Nissen [SPD]
2213,Birkwald [DIE LINKE]
2213,DIE GRÜNEN – Dr. Joe Weingarten [SPD]
2213,Leier! – Ulli Nissen [SPD]
2213,Michael Grosse-Brömer [CDU/CSU]
2213,Ziegler [SPD]
2213,Grosse-Brömer [CDU/CSU]
2213,Brandenburg [Südpfalz] [FDP]
2213,GRÜNEN – Michael Gerdes [SPD]
2213,Michael Grosse-Brömer [CDU/CSU]
2213,Brömer [CDU/CSU]
2213,Strack-Zimmermann [FDP]
2213, Michael Theurer [FDP]
2213,Dr. Karamba Diaby [SPD]
2213,Haßelmann [BÜNDNIS 90/DIE GRÜNEN]
2213,Dröge [BÜNDNIS 90/DIE GRÜNEN]
2213,Niema Movassat [DIE LINKE]
2213,nicht! – Christine Aschenberg-Dugnus [FDP]
2213,Jan Korte [DIE LINKE]
2213,Grosse-Brömer [CDU/CSU]
2213,Brandner [AfD]
2213,Dr. Daniela De Ridder [SPD]
2213,Grosse-Brömer [CDU/CSU]
2213,Jan Korte [DIE LINKE]
2213,Dr. Achim Kessler [DIE LINKE]
2213,Buschmann [FDP]
2213,Luczak [CDU/CSU]
2213,Dr. Karamba Diaby [SPD]
2213,Stephan Protschka [AfD]
2213,Grosse-Brömer [CDU/CSU]
2213,Niema Movassat [DIE LINKE]
2213,Dr. Roland Hartwig [AfD]
2213,Jan Korte [DIE LINKE]
2213,Haßelmann [BÜNDNIS 90/DIE GRÜNEN]
2213,Stephan Brandner [AfD]
2213, Dr. Karamba Diaby [SPD]
2213,der CDU/CSU – Otto Fricke [FDP]
2213,Kleinwächter [AfD]
2213,Dehm [DIE LINKE]
2213,und der SPD – Eckhardt Rehberg [CDU/CSU]
2213,Neumann [FDP]
2213,ler! – Dagmar Ziegler [SPD]
2213,Timon Gremmels [SPD]
2213, Dr. Gesine Lötzsch [DIE LINKE]
2213,Bystron [AfD]
2213,Buschmann [FDP]
2213,Enrico Komning [AfD]
2213,Matthias W. Birkwald [DIE LINKE]
2213,SPD – Michael Schrodi [SPD]
2213,neten der SPD – Dr. Marco Buschmann [FDP]
2213,neten der FDP – Marian Wendt [CDU/CSU]
2213,Sarrazin [BÜNDNIS 90/DIE GRÜNEN]
2213,berg] [SPD]
2213,Haßelmann [BÜNDNIS 90/DIE GRÜNEN]
2213,Reinhard Houben [FDP]
2213, Jürgen Braun [AfD]
2213,KEN – Michael Grosse-Brömer [CDU/CSU]
2213,Künast [BÜNDNIS 90/DIE GRÜNEN]
2213,Röspel [SPD]
2213,CSU] – Carsten Schneider [Erfurt] [SPD]
2213,geben! – Hermann Gröhe [CDU/CSU]
2213,Eckardt [BÜNDNIS 90/DIE GRÜNEN]
2213,Nissen [SPD]
2213,Hartwig [AfD]
2213,Dr. Marco Buschmann [FDP]
2213,Werner [DIE LINKE]
2213,Boehringer [AfD] – Stephan Brandner [AfD]
2213,land! – Jan Korte [DIE LINKE]
2213, Martin Hess [AfD]
2213,Bartsch [DIE LINKE]
2213,Nissen [SPD]
2213,Moment! – Carsten Schneider [Erfurt] [SPD]
2213,Nissen [SPD]
2213,Ortleb [SPD]
2213,DIE GRÜNEN – Konstantin Kuhle [FDP]
2213,etwas rauszuhören! – Jan Korte [DIE LINKE]
2213,Grosse-Brömer [CDU/CSU]
2213,Clemens Hocker [FDP]
2213,Dr. Marco Buschmann [FDP]
2213,neten der SPD – Ralph Brinkhaus [CDU/CSU]
2213,Stephan Brandner [AfD]
2213,Dr. Alexander Gauland [AfD]
2213,Baehrens [SPD]
2213,stoff zu tun? – Dr. Christian Jung [FDP]
2213,Alexander Dobrindt [CDU/CSU]
2213,Haßelmann [BÜNDNIS 90/DIE GRÜNEN]
2213,Brinkhaus [CDU/CSU]
2213,Buschmann [FDP]
2213,neten der SPD – Stephan Brandner [AfD]
2213,Spaniel [AfD]
2213,Otto Fricke [FDP]
2213,Martin Reichardt [AfD]
2213,burg] [BÜNDNIS 90/DIE GRÜNEN]
2213,der SPD – Dr. Marco Buschmann [FDP]
2213,len! – Beatrix von Storch [AfD]
2213,Lemke [BÜNDNIS 90/DIE GRÜNEN]
2213,neten der SPD – Christian Dürr [FDP]
2213,Strasser [FDP]
2213,Paulus Hampel [AfD]
2213,berg] [SPD]
2213,Grosse-Brömer [CDU/CSU]
2213,Lambsdorff [FDP]
2213,Dobrindt [CDU/CSU]
2213,Kleinwächter [AfD]
2213,tig! – Heike Hänsel [DIE LINKE]
2213,Frömming [AfD]
2213,der CDU/CSU – Marianne Schieder [SPD]
2213,Hampel [AfD]
2213,Agnes Strack-Zimmermann [FDP]
